Vendor_ID,Vendor_Name,Bank_Account_ID,Syndicate_ID,Syndicate_Size,Active_Project_Count,Vendor_Total_Sanctioned_Amount,Syndicate_Total_Funds_INR,Collusion_Risk_Score,Evidence_Reasons
V000325,Contractor Company 000325,BANK000065,SYNDICATE_065,17,3,19340000,205740000,100.0,"['Shares bank account BANK000065 with 16 other registered contractors.', 'Belongs to SYNDICATE_065 (17 members) controlling 35 projects.', 'Contractor syndicate holds INR 205,740,000 in sanctioned public funds.', 'Entity directly holds 3 project(s) totaling INR 19,340,000.']"
V000423,Contractor Company 000423,BANK000065,SYNDICATE_065,17,3,18820000,205740000,100.0,"['Shares bank account BANK000065 with 16 other registered contractors.', 'Belongs to SYNDICATE_065 (17 members) controlling 35 projects.', 'Contractor syndicate holds INR 205,740,000 in sanctioned public funds.', 'Entity directly holds 3 project(s) totaling INR 18,820,000.']"
V000354,Contractor Company 000354,BANK000065,SYNDICATE_065,17,3,17540000,205740000,100.0,"['Shares bank account BANK000065 with 16 other registered contractors.', 'Belongs to SYNDICATE_065 (17 members) controlling 35 projects.', 'Contractor syndicate holds INR 205,740,000 in sanctioned public funds.', 'Entity directly holds 3 project(s) totaling INR 17,540,000.']"
V000277,Contractor Company 000277,BANK000065,SYNDICATE_065,17,3,16850000,205740000,100.0,"['Shares bank account BANK000065 with 16 other registered contractors.', 'Belongs to SYNDICATE_065 (17 members) controlling 35 projects.', 'Contractor syndicate holds INR 205,740,000 in sanctioned public funds.', 'Entity directly holds 3 project(s) totaling INR 16,850,000.']"
V000461,Contractor Company 000461,BANK000065,SYNDICATE_065,17,2,16170000,205740000,100.0,"['Shares bank account BANK000065 with 16 other registered contractors.', 'Belongs to SYNDICATE_065 (17 members) controlling 35 projects.', 'Contractor syndicate holds INR 205,740,000 in sanctioned public funds.', 'Entity directly holds 2 project(s) totaling INR 16,170,000.']"
V000110,Contractor Company 000110,BANK000065,SYNDICATE_065,17,3,16110000,205740000,100.0,"['Shares bank account BANK000065 with 16 other registered contractors.', 'Belongs to SYNDICATE_065 (17 members) controlling 35 projects.', 'Contractor syndicate holds INR 205,740,000 in sanctioned public funds.', 'Entity directly holds 3 project(s) totaling INR 16,110,000.']"
V000565,Contractor Company 000565,BANK000065,SYNDICATE_065,17,4,15340000,205740000,100.0,"['Shares bank account BANK000065 with 16 other registered contractors.', 'Belongs to SYNDICATE_065 (17 members) controlling 35 projects.', 'Contractor syndicate holds INR 205,740,000 in sanctioned public funds.', 'Entity directly holds 4 project(s) totaling INR 15,340,000.']"
V000472,Contractor Company 000472,BANK000065,SYNDICATE_065,17,2,14980000,205740000,100.0,"['Shares bank account BANK000065 with 16 other registered contractors.', 'Belongs to SYNDICATE_065 (17 members) controlling 35 projects.', 'Contractor syndicate holds INR 205,740,000 in sanctioned public funds.', 'Entity directly holds 2 project(s) totaling INR 14,980,000.']"
V000746,Contractor Company 000746,BANK000065,SYNDICATE_065,17,3,14500000,205740000,100.0,"['Shares bank account BANK000065 with 16 other registered contractors.', 'Belongs to SYNDICATE_065 (17 members) controlling 35 projects.', 'Contractor syndicate holds INR 205,740,000 in sanctioned public funds.', 'Entity directly holds 3 project(s) totaling INR 14,500,000.']"
V000573,Contractor Company 000573,BANK000065,SYNDICATE_065,17,1,9850000,205740000,100.0,"['Shares bank account BANK000065 with 16 other registered contractors.', 'Belongs to SYNDICATE_065 (17 members) controlling 35 projects.', 'Contractor syndicate holds INR 205,740,000 in sanctioned public funds.', 'Entity directly holds 1 project(s) totaling INR 9,850,000.']"
V000494,Contractor Company 000494,BANK000065,SYNDICATE_065,17,1,9220000,205740000,100.0,"['Shares bank account BANK000065 with 16 other registered contractors.', 'Belongs to SYNDICATE_065 (17 members) controlling 35 projects.', 'Contractor syndicate holds INR 205,740,000 in sanctioned public funds.', 'Entity directly holds 1 project(s) totaling INR 9,220,000.']"
V000640,Contractor Company 000640,BANK000065,SYNDICATE_065,17,1,7360000,205740000,100.0,"['Shares bank account BANK000065 with 16 other registered contractors.', 'Belongs to SYNDICATE_065 (17 members) controlling 35 projects.', 'Contractor syndicate holds INR 205,740,000 in sanctioned public funds.', 'Entity directly holds 1 project(s) totaling INR 7,360,000.']"
V000415,Contractor Company 000415,BANK000065,SYNDICATE_065,17,1,6930000,205740000,100.0,"['Shares bank account BANK000065 with 16 other registered contractors.', 'Belongs to SYNDICATE_065 (17 members) controlling 35 projects.', 'Contractor syndicate holds INR 205,740,000 in sanctioned public funds.', 'Entity directly holds 1 project(s) totaling INR 6,930,000.']"
V000618,Contractor Company 000618,BANK000065,SYNDICATE_065,17,1,6200000,205740000,100.0,"['Shares bank account BANK000065 with 16 other registered contractors.', 'Belongs to SYNDICATE_065 (17 members) controlling 35 projects.', 'Contractor syndicate holds INR 205,740,000 in sanctioned public funds.', 'Entity directly holds 1 project(s) totaling INR 6,200,000.']"
V000448,Contractor Company 000448,BANK000065,SYNDICATE_065,17,1,5900000,205740000,100.0,"['Shares bank account BANK000065 with 16 other registered contractors.', 'Belongs to SYNDICATE_065 (17 members) controlling 35 projects.', 'Contractor syndicate holds INR 205,740,000 in sanctioned public funds.', 'Entity directly holds 1 project(s) totaling INR 5,900,000.']"
V000833,Contractor Company 000833,BANK000065,SYNDICATE_065,17,1,5710000,205740000,100.0,"['Shares bank account BANK000065 with 16 other registered contractors.', 'Belongs to SYNDICATE_065 (17 members) controlling 35 projects.', 'Contractor syndicate holds INR 205,740,000 in sanctioned public funds.', 'Entity directly holds 1 project(s) totaling INR 5,710,000.']"
V000219,Contractor Company 000219,BANK000065,SYNDICATE_065,17,2,4920000,205740000,100.0,"['Shares bank account BANK000065 with 16 other registered contractors.', 'Belongs to SYNDICATE_065 (17 members) controlling 35 projects.', 'Contractor syndicate holds INR 205,740,000 in sanctioned public funds.', 'Entity directly holds 2 project(s) totaling INR 4,920,000.']"
V000215,Contractor Company 000215,BANK000059,SYNDICATE_059,16,5,37290000,216440000,98.75,"['Shares bank account BANK000059 with 15 other registered contractors.', 'Belongs to SYNDICATE_059 (16 members) controlling 37 projects.', 'Contractor syndicate holds INR 216,440,000 in sanctioned public funds.', 'Entity directly holds 5 project(s) totaling INR 37,290,000.']"
V000979,Contractor Company 000979,BANK000059,SYNDICATE_059,16,5,28750000,216440000,98.75,"['Shares bank account BANK000059 with 15 other registered contractors.', 'Belongs to SYNDICATE_059 (16 members) controlling 37 projects.', 'Contractor syndicate holds INR 216,440,000 in sanctioned public funds.', 'Entity directly holds 5 project(s) totaling INR 28,750,000.']"
V000335,Contractor Company 000335,BANK000059,SYNDICATE_059,16,5,26800000,216440000,98.75,"['Shares bank account BANK000059 with 15 other registered contractors.', 'Belongs to SYNDICATE_059 (16 members) controlling 37 projects.', 'Contractor syndicate holds INR 216,440,000 in sanctioned public funds.', 'Entity directly holds 5 project(s) totaling INR 26,800,000.']"
V000234,Contractor Company 000234,BANK000059,SYNDICATE_059,16,5,23660000,216440000,98.75,"['Shares bank account BANK000059 with 15 other registered contractors.', 'Belongs to SYNDICATE_059 (16 members) controlling 37 projects.', 'Contractor syndicate holds INR 216,440,000 in sanctioned public funds.', 'Entity directly holds 5 project(s) totaling INR 23,660,000.']"
V000601,Contractor Company 000601,BANK000059,SYNDICATE_059,16,2,18600000,216440000,98.75,"['Shares bank account BANK000059 with 15 other registered contractors.', 'Belongs to SYNDICATE_059 (16 members) controlling 37 projects.', 'Contractor syndicate holds INR 216,440,000 in sanctioned public funds.', 'Entity directly holds 2 project(s) totaling INR 18,600,000.']"
V000327,Contractor Company 000327,BANK000059,SYNDICATE_059,16,2,14220000,216440000,98.75,"['Shares bank account BANK000059 with 15 other registered contractors.', 'Belongs to SYNDICATE_059 (16 members) controlling 37 projects.', 'Contractor syndicate holds INR 216,440,000 in sanctioned public funds.', 'Entity directly holds 2 project(s) totaling INR 14,220,000.']"
V000485,Contractor Company 000485,BANK000059,SYNDICATE_059,16,3,12630000,216440000,98.75,"['Shares bank account BANK000059 with 15 other registered contractors.', 'Belongs to SYNDICATE_059 (16 members) controlling 37 projects.', 'Contractor syndicate holds INR 216,440,000 in sanctioned public funds.', 'Entity directly holds 3 project(s) totaling INR 12,630,000.']"
V000867,Contractor Company 000867,BANK000059,SYNDICATE_059,16,2,10170000,216440000,98.75,"['Shares bank account BANK000059 with 15 other registered contractors.', 'Belongs to SYNDICATE_059 (16 members) controlling 37 projects.', 'Contractor syndicate holds INR 216,440,000 in sanctioned public funds.', 'Entity directly holds 2 project(s) totaling INR 10,170,000.']"
V000989,Contractor Company 000989,BANK000059,SYNDICATE_059,16,1,9990000,216440000,98.75,"['Shares bank account BANK000059 with 15 other registered contractors.', 'Belongs to SYNDICATE_059 (16 members) controlling 37 projects.', 'Contractor syndicate holds INR 216,440,000 in sanctioned public funds.', 'Entity directly holds 1 project(s) totaling INR 9,990,000.']"
V000259,Contractor Company 000259,BANK000059,SYNDICATE_059,16,1,9040000,216440000,98.75,"['Shares bank account BANK000059 with 15 other registered contractors.', 'Belongs to SYNDICATE_059 (16 members) controlling 37 projects.', 'Contractor syndicate holds INR 216,440,000 in sanctioned public funds.', 'Entity directly holds 1 project(s) totaling INR 9,040,000.']"
V000813,Contractor Company 000813,BANK000059,SYNDICATE_059,16,2,7830000,216440000,98.75,"['Shares bank account BANK000059 with 15 other registered contractors.', 'Belongs to SYNDICATE_059 (16 members) controlling 37 projects.', 'Contractor syndicate holds INR 216,440,000 in sanctioned public funds.', 'Entity directly holds 2 project(s) totaling INR 7,830,000.']"
V000254,Contractor Company 000254,BANK000059,SYNDICATE_059,16,1,6090000,216440000,98.75,"['Shares bank account BANK000059 with 15 other registered contractors.', 'Belongs to SYNDICATE_059 (16 members) controlling 37 projects.', 'Contractor syndicate holds INR 216,440,000 in sanctioned public funds.', 'Entity directly holds 1 project(s) totaling INR 6,090,000.']"
V000225,Contractor Company 000225,BANK000059,SYNDICATE_059,16,1,4990000,216440000,98.75,"['Shares bank account BANK000059 with 15 other registered contractors.', 'Belongs to SYNDICATE_059 (16 members) controlling 37 projects.', 'Contractor syndicate holds INR 216,440,000 in sanctioned public funds.', 'Entity directly holds 1 project(s) totaling INR 4,990,000.']"
V000791,Contractor Company 000791,BANK000059,SYNDICATE_059,16,1,3280000,216440000,98.75,"['Shares bank account BANK000059 with 15 other registered contractors.', 'Belongs to SYNDICATE_059 (16 members) controlling 37 projects.', 'Contractor syndicate holds INR 216,440,000 in sanctioned public funds.', 'Entity directly holds 1 project(s) totaling INR 3,280,000.']"
V000583,Contractor Company 000583,BANK000059,SYNDICATE_059,16,1,3100000,216440000,98.75,"['Shares bank account BANK000059 with 15 other registered contractors.', 'Belongs to SYNDICATE_059 (16 members) controlling 37 projects.', 'Contractor syndicate holds INR 216,440,000 in sanctioned public funds.', 'Entity directly holds 1 project(s) totaling INR 3,100,000.']"
V000048,Contractor Company 000048,BANK000059,SYNDICATE_059,16,0,0,216440000,98.75,"['Shares bank account BANK000059 with 15 other registered contractors.', 'Belongs to SYNDICATE_059 (16 members) controlling 37 projects.', 'Contractor syndicate holds INR 216,440,000 in sanctioned public funds.', 'Entity directly holds 0 project(s) totaling INR 0.']"
V000778,Contractor Company 000778,BANK000060,SYNDICATE_060,17,3,21050000,191640000,97.78,"['Shares bank account BANK000060 with 16 other registered contractors.', 'Belongs to SYNDICATE_060 (17 members) controlling 35 projects.', 'Contractor syndicate holds INR 191,640,000 in sanctioned public funds.', 'Entity directly holds 3 project(s) totaling INR 21,050,000.']"
V000086,Contractor Company 000086,BANK000060,SYNDICATE_060,17,3,19630000,191640000,97.78,"['Shares bank account BANK000060 with 16 other registered contractors.', 'Belongs to SYNDICATE_060 (17 members) controlling 35 projects.', 'Contractor syndicate holds INR 191,640,000 in sanctioned public funds.', 'Entity directly holds 3 project(s) totaling INR 19,630,000.']"
V000416,Contractor Company 000416,BANK000060,SYNDICATE_060,17,3,19470000,191640000,97.78,"['Shares bank account BANK000060 with 16 other registered contractors.', 'Belongs to SYNDICATE_060 (17 members) controlling 35 projects.', 'Contractor syndicate holds INR 191,640,000 in sanctioned public funds.', 'Entity directly holds 3 project(s) totaling INR 19,470,000.']"
V000056,Contractor Company 000056,BANK000060,SYNDICATE_060,17,4,16050000,191640000,97.78,"['Shares bank account BANK000060 with 16 other registered contractors.', 'Belongs to SYNDICATE_060 (17 members) controlling 35 projects.', 'Contractor syndicate holds INR 191,640,000 in sanctioned public funds.', 'Entity directly holds 4 project(s) totaling INR 16,050,000.']"
V000082,Contractor Company 000082,BANK000060,SYNDICATE_060,17,2,15320000,191640000,97.78,"['Shares bank account BANK000060 with 16 other registered contractors.', 'Belongs to SYNDICATE_060 (17 members) controlling 35 projects.', 'Contractor syndicate holds INR 191,640,000 in sanctioned public funds.', 'Entity directly holds 2 project(s) totaling INR 15,320,000.']"
V000255,Contractor Company 000255,BANK000060,SYNDICATE_060,17,4,15300000,191640000,97.78,"['Shares bank account BANK000060 with 16 other registered contractors.', 'Belongs to SYNDICATE_060 (17 members) controlling 35 projects.', 'Contractor syndicate holds INR 191,640,000 in sanctioned public funds.', 'Entity directly holds 4 project(s) totaling INR 15,300,000.']"
V000718,Contractor Company 000718,BANK000060,SYNDICATE_060,17,2,13830000,191640000,97.78,"['Shares bank account BANK000060 with 16 other registered contractors.', 'Belongs to SYNDICATE_060 (17 members) controlling 35 projects.', 'Contractor syndicate holds INR 191,640,000 in sanctioned public funds.', 'Entity directly holds 2 project(s) totaling INR 13,830,000.']"
V000116,Contractor Company 000116,BANK000060,SYNDICATE_060,17,2,12830000,191640000,97.78,"['Shares bank account BANK000060 with 16 other registered contractors.', 'Belongs to SYNDICATE_060 (17 members) controlling 35 projects.', 'Contractor syndicate holds INR 191,640,000 in sanctioned public funds.', 'Entity directly holds 2 project(s) totaling INR 12,830,000.']"
V000460,Contractor Company 000460,BANK000060,SYNDICATE_060,17,2,12460000,191640000,97.78,"['Shares bank account BANK000060 with 16 other registered contractors.', 'Belongs to SYNDICATE_060 (17 members) controlling 35 projects.', 'Contractor syndicate holds INR 191,640,000 in sanctioned public funds.', 'Entity directly holds 2 project(s) totaling INR 12,460,000.']"
V000733,Contractor Company 000733,BANK000060,SYNDICATE_060,17,2,12350000,191640000,97.78,"['Shares bank account BANK000060 with 16 other registered contractors.', 'Belongs to SYNDICATE_060 (17 members) controlling 35 projects.', 'Contractor syndicate holds INR 191,640,000 in sanctioned public funds.', 'Entity directly holds 2 project(s) totaling INR 12,350,000.']"
V000915,Contractor Company 000915,BANK000060,SYNDICATE_060,17,2,10370000,191640000,97.78,"['Shares bank account BANK000060 with 16 other registered contractors.', 'Belongs to SYNDICATE_060 (17 members) controlling 35 projects.', 'Contractor syndicate holds INR 191,640,000 in sanctioned public funds.', 'Entity directly holds 2 project(s) totaling INR 10,370,000.']"
V000562,Contractor Company 000562,BANK000060,SYNDICATE_060,17,1,7250000,191640000,97.78,"['Shares bank account BANK000060 with 16 other registered contractors.', 'Belongs to SYNDICATE_060 (17 members) controlling 35 projects.', 'Contractor syndicate holds INR 191,640,000 in sanctioned public funds.', 'Entity directly holds 1 project(s) totaling INR 7,250,000.']"
V000280,Contractor Company 000280,BANK000060,SYNDICATE_060,17,2,4680000,191640000,97.78,"['Shares bank account BANK000060 with 16 other registered contractors.', 'Belongs to SYNDICATE_060 (17 members) controlling 35 projects.', 'Contractor syndicate holds INR 191,640,000 in sanctioned public funds.', 'Entity directly holds 2 project(s) totaling INR 4,680,000.']"
V000039,Contractor Company 000039,BANK000060,SYNDICATE_060,17,1,4390000,191640000,97.78,"['Shares bank account BANK000060 with 16 other registered contractors.', 'Belongs to SYNDICATE_060 (17 members) controlling 35 projects.', 'Contractor syndicate holds INR 191,640,000 in sanctioned public funds.', 'Entity directly holds 1 project(s) totaling INR 4,390,000.']"
V000420,Contractor Company 000420,BANK000060,SYNDICATE_060,17,1,3820000,191640000,97.78,"['Shares bank account BANK000060 with 16 other registered contractors.', 'Belongs to SYNDICATE_060 (17 members) controlling 35 projects.', 'Contractor syndicate holds INR 191,640,000 in sanctioned public funds.', 'Entity directly holds 1 project(s) totaling INR 3,820,000.']"
V000556,Contractor Company 000556,BANK000060,SYNDICATE_060,17,1,2840000,191640000,97.78,"['Shares bank account BANK000060 with 16 other registered contractors.', 'Belongs to SYNDICATE_060 (17 members) controlling 35 projects.', 'Contractor syndicate holds INR 191,640,000 in sanctioned public funds.', 'Entity directly holds 1 project(s) totaling INR 2,840,000.']"
V000900,Contractor Company 000900,BANK000060,SYNDICATE_060,17,0,0,191640000,97.78,"['Shares bank account BANK000060 with 16 other registered contractors.', 'Belongs to SYNDICATE_060 (17 members) controlling 35 projects.', 'Contractor syndicate holds INR 191,640,000 in sanctioned public funds.', 'Entity directly holds 0 project(s) totaling INR 0.']"
V000331,Contractor Company 000331,BANK000011,SYNDICATE_011,15,7,40190000,198760000,96.95,"['Shares bank account BANK000011 with 14 other registered contractors.', 'Belongs to SYNDICATE_011 (15 members) controlling 34 projects.', 'Contractor syndicate holds INR 198,760,000 in sanctioned public funds.', 'Entity directly holds 7 project(s) totaling INR 40,190,000.']"
V000577,Contractor Company 000577,BANK000011,SYNDICATE_011,15,3,23480000,198760000,96.95,"['Shares bank account BANK000011 with 14 other registered contractors.', 'Belongs to SYNDICATE_011 (15 members) controlling 34 projects.', 'Contractor syndicate holds INR 198,760,000 in sanctioned public funds.', 'Entity directly holds 3 project(s) totaling INR 23,480,000.']"
V000126,Contractor Company 000126,BANK000011,SYNDICATE_011,15,3,18910000,198760000,96.95,"['Shares bank account BANK000011 with 14 other registered contractors.', 'Belongs to SYNDICATE_011 (15 members) controlling 34 projects.', 'Contractor syndicate holds INR 198,760,000 in sanctioned public funds.', 'Entity directly holds 3 project(s) totaling INR 18,910,000.']"
V000479,Contractor Company 000479,BANK000011,SYNDICATE_011,15,3,15560000,198760000,96.95,"['Shares bank account BANK000011 with 14 other registered contractors.', 'Belongs to SYNDICATE_011 (15 members) controlling 34 projects.', 'Contractor syndicate holds INR 198,760,000 in sanctioned public funds.', 'Entity directly holds 3 project(s) totaling INR 15,560,000.']"
V000067,Contractor Company 000067,BANK000011,SYNDICATE_011,15,2,14410000,198760000,96.95,"['Shares bank account BANK000011 with 14 other registered contractors.', 'Belongs to SYNDICATE_011 (15 members) controlling 34 projects.', 'Contractor syndicate holds INR 198,760,000 in sanctioned public funds.', 'Entity directly holds 2 project(s) totaling INR 14,410,000.']"
V000842,Contractor Company 000842,BANK000011,SYNDICATE_011,15,2,13400000,198760000,96.95,"['Shares bank account BANK000011 with 14 other registered contractors.', 'Belongs to SYNDICATE_011 (15 members) controlling 34 projects.', 'Contractor syndicate holds INR 198,760,000 in sanctioned public funds.', 'Entity directly holds 2 project(s) totaling INR 13,400,000.']"
V000706,Contractor Company 000706,BANK000011,SYNDICATE_011,15,2,12520000,198760000,96.95,"['Shares bank account BANK000011 with 14 other registered contractors.', 'Belongs to SYNDICATE_011 (15 members) controlling 34 projects.', 'Contractor syndicate holds INR 198,760,000 in sanctioned public funds.', 'Entity directly holds 2 project(s) totaling INR 12,520,000.']"
V000085,Contractor Company 000085,BANK000011,SYNDICATE_011,15,2,12260000,198760000,96.95,"['Shares bank account BANK000011 with 14 other registered contractors.', 'Belongs to SYNDICATE_011 (15 members) controlling 34 projects.', 'Contractor syndicate holds INR 198,760,000 in sanctioned public funds.', 'Entity directly holds 2 project(s) totaling INR 12,260,000.']"
V000156,Contractor Company 000156,BANK000011,SYNDICATE_011,15,2,11240000,198760000,96.95,"['Shares bank account BANK000011 with 14 other registered contractors.', 'Belongs to SYNDICATE_011 (15 members) controlling 34 projects.', 'Contractor syndicate holds INR 198,760,000 in sanctioned public funds.', 'Entity directly holds 2 project(s) totaling INR 11,240,000.']"
V000812,Contractor Company 000812,BANK000011,SYNDICATE_011,15,2,11000000,198760000,96.95,"['Shares bank account BANK000011 with 14 other registered contractors.', 'Belongs to SYNDICATE_011 (15 members) controlling 34 projects.', 'Contractor syndicate holds INR 198,760,000 in sanctioned public funds.', 'Entity directly holds 2 project(s) totaling INR 11,000,000.']"
V000091,Contractor Company 000091,BANK000011,SYNDICATE_011,15,1,8720000,198760000,96.95,"['Shares bank account BANK000011 with 14 other registered contractors.', 'Belongs to SYNDICATE_011 (15 members) controlling 34 projects.', 'Contractor syndicate holds INR 198,760,000 in sanctioned public funds.', 'Entity directly holds 1 project(s) totaling INR 8,720,000.']"
V000467,Contractor Company 000467,BANK000011,SYNDICATE_011,15,1,8200000,198760000,96.95,"['Shares bank account BANK000011 with 14 other registered contractors.', 'Belongs to SYNDICATE_011 (15 members) controlling 34 projects.', 'Contractor syndicate holds INR 198,760,000 in sanctioned public funds.', 'Entity directly holds 1 project(s) totaling INR 8,200,000.']"
V000903,Contractor Company 000903,BANK000011,SYNDICATE_011,15,3,7540000,198760000,96.95,"['Shares bank account BANK000011 with 14 other registered contractors.', 'Belongs to SYNDICATE_011 (15 members) controlling 34 projects.', 'Contractor syndicate holds INR 198,760,000 in sanctioned public funds.', 'Entity directly holds 3 project(s) totaling INR 7,540,000.']"
V000820,Contractor Company 000820,BANK000011,SYNDICATE_011,15,1,1330000,198760000,96.95,"['Shares bank account BANK000011 with 14 other registered contractors.', 'Belongs to SYNDICATE_011 (15 members) controlling 34 projects.', 'Contractor syndicate holds INR 198,760,000 in sanctioned public funds.', 'Entity directly holds 1 project(s) totaling INR 1,330,000.']"
V000995,Contractor Company 000995,BANK000011,SYNDICATE_011,15,0,0,198760000,96.95,"['Shares bank account BANK000011 with 14 other registered contractors.', 'Belongs to SYNDICATE_011 (15 members) controlling 34 projects.', 'Contractor syndicate holds INR 198,760,000 in sanctioned public funds.', 'Entity directly holds 0 project(s) totaling INR 0.']"
V000895,Contractor Company 000895,BANK000056,SYNDICATE_056,14,4,28360000,192810000,94.55,"['Shares bank account BANK000056 with 13 other registered contractors.', 'Belongs to SYNDICATE_056 (14 members) controlling 38 projects.', 'Contractor syndicate holds INR 192,810,000 in sanctioned public funds.', 'Entity directly holds 4 project(s) totaling INR 28,360,000.']"
V000339,Contractor Company 000339,BANK000056,SYNDICATE_056,14,5,22150000,192810000,94.55,"['Shares bank account BANK000056 with 13 other registered contractors.', 'Belongs to SYNDICATE_056 (14 members) controlling 38 projects.', 'Contractor syndicate holds INR 192,810,000 in sanctioned public funds.', 'Entity directly holds 5 project(s) totaling INR 22,150,000.']"
V000112,Contractor Company 000112,BANK000056,SYNDICATE_056,14,4,21690000,192810000,94.55,"['Shares bank account BANK000056 with 13 other registered contractors.', 'Belongs to SYNDICATE_056 (14 members) controlling 38 projects.', 'Contractor syndicate holds INR 192,810,000 in sanctioned public funds.', 'Entity directly holds 4 project(s) totaling INR 21,690,000.']"
V000021,Contractor Company 000021,BANK000056,SYNDICATE_056,14,3,21070000,192810000,94.55,"['Shares bank account BANK000056 with 13 other registered contractors.', 'Belongs to SYNDICATE_056 (14 members) controlling 38 projects.', 'Contractor syndicate holds INR 192,810,000 in sanctioned public funds.', 'Entity directly holds 3 project(s) totaling INR 21,070,000.']"
V000038,Contractor Company 000038,BANK000056,SYNDICATE_056,14,3,19350000,192810000,94.55,"['Shares bank account BANK000056 with 13 other registered contractors.', 'Belongs to SYNDICATE_056 (14 members) controlling 38 projects.', 'Contractor syndicate holds INR 192,810,000 in sanctioned public funds.', 'Entity directly holds 3 project(s) totaling INR 19,350,000.']"
V000469,Contractor Company 000469,BANK000056,SYNDICATE_056,14,4,17310000,192810000,94.55,"['Shares bank account BANK000056 with 13 other registered contractors.', 'Belongs to SYNDICATE_056 (14 members) controlling 38 projects.', 'Contractor syndicate holds INR 192,810,000 in sanctioned public funds.', 'Entity directly holds 4 project(s) totaling INR 17,310,000.']"
V000871,Contractor Company 000871,BANK000056,SYNDICATE_056,14,4,16990000,192810000,94.55,"['Shares bank account BANK000056 with 13 other registered contractors.', 'Belongs to SYNDICATE_056 (14 members) controlling 38 projects.', 'Contractor syndicate holds INR 192,810,000 in sanctioned public funds.', 'Entity directly holds 4 project(s) totaling INR 16,990,000.']"
V000247,Contractor Company 000247,BANK000056,SYNDICATE_056,14,3,14070000,192810000,94.55,"['Shares bank account BANK000056 with 13 other registered contractors.', 'Belongs to SYNDICATE_056 (14 members) controlling 38 projects.', 'Contractor syndicate holds INR 192,810,000 in sanctioned public funds.', 'Entity directly holds 3 project(s) totaling INR 14,070,000.']"
V000606,Contractor Company 000606,BANK000056,SYNDICATE_056,14,2,10970000,192810000,94.55,"['Shares bank account BANK000056 with 13 other registered contractors.', 'Belongs to SYNDICATE_056 (14 members) controlling 38 projects.', 'Contractor syndicate holds INR 192,810,000 in sanctioned public funds.', 'Entity directly holds 2 project(s) totaling INR 10,970,000.']"
V000022,Contractor Company 000022,BANK000056,SYNDICATE_056,14,3,10730000,192810000,94.55,"['Shares bank account BANK000056 with 13 other registered contractors.', 'Belongs to SYNDICATE_056 (14 members) controlling 38 projects.', 'Contractor syndicate holds INR 192,810,000 in sanctioned public funds.', 'Entity directly holds 3 project(s) totaling INR 10,730,000.']"
V000336,Contractor Company 000336,BANK000056,SYNDICATE_056,14,1,6400000,192810000,94.55,"['Shares bank account BANK000056 with 13 other registered contractors.', 'Belongs to SYNDICATE_056 (14 members) controlling 38 projects.', 'Contractor syndicate holds INR 192,810,000 in sanctioned public funds.', 'Entity directly holds 1 project(s) totaling INR 6,400,000.']"
V000346,Contractor Company 000346,BANK000056,SYNDICATE_056,14,1,2560000,192810000,94.55,"['Shares bank account BANK000056 with 13 other registered contractors.', 'Belongs to SYNDICATE_056 (14 members) controlling 38 projects.', 'Contractor syndicate holds INR 192,810,000 in sanctioned public funds.', 'Entity directly holds 1 project(s) totaling INR 2,560,000.']"
V000027,Contractor Company 000027,BANK000056,SYNDICATE_056,14,1,1160000,192810000,94.55,"['Shares bank account BANK000056 with 13 other registered contractors.', 'Belongs to SYNDICATE_056 (14 members) controlling 38 projects.', 'Contractor syndicate holds INR 192,810,000 in sanctioned public funds.', 'Entity directly holds 1 project(s) totaling INR 1,160,000.']"
V000519,Contractor Company 000519,BANK000056,SYNDICATE_056,14,0,0,192810000,94.55,"['Shares bank account BANK000056 with 13 other registered contractors.', 'Belongs to SYNDICATE_056 (14 members) controlling 38 projects.', 'Contractor syndicate holds INR 192,810,000 in sanctioned public funds.', 'Entity directly holds 0 project(s) totaling INR 0.']"
V000340,Contractor Company 000340,BANK000053,SYNDICATE_053,15,6,40270000,218660000,94.44,"['Shares bank account BANK000053 with 14 other registered contractors.', 'Belongs to SYNDICATE_053 (15 members) controlling 35 projects.', 'Contractor syndicate holds INR 218,660,000 in sanctioned public funds.', 'Entity directly holds 6 project(s) totaling INR 40,270,000.']"
V000235,Contractor Company 000235,BANK000053,SYNDICATE_053,15,4,33030000,218660000,94.44,"['Shares bank account BANK000053 with 14 other registered contractors.', 'Belongs to SYNDICATE_053 (15 members) controlling 35 projects.', 'Contractor syndicate holds INR 218,660,000 in sanctioned public funds.', 'Entity directly holds 4 project(s) totaling INR 33,030,000.']"
V000200,Contractor Company 000200,BANK000053,SYNDICATE_053,15,5,31430000,218660000,94.44,"['Shares bank account BANK000053 with 14 other registered contractors.', 'Belongs to SYNDICATE_053 (15 members) controlling 35 projects.', 'Contractor syndicate holds INR 218,660,000 in sanctioned public funds.', 'Entity directly holds 5 project(s) totaling INR 31,430,000.']"
V000797,Contractor Company 000797,BANK000053,SYNDICATE_053,15,4,24420000,218660000,94.44,"['Shares bank account BANK000053 with 14 other registered contractors.', 'Belongs to SYNDICATE_053 (15 members) controlling 35 projects.', 'Contractor syndicate holds INR 218,660,000 in sanctioned public funds.', 'Entity directly holds 4 project(s) totaling INR 24,420,000.']"
V000209,Contractor Company 000209,BANK000053,SYNDICATE_053,15,4,22380000,218660000,94.44,"['Shares bank account BANK000053 with 14 other registered contractors.', 'Belongs to SYNDICATE_053 (15 members) controlling 35 projects.', 'Contractor syndicate holds INR 218,660,000 in sanctioned public funds.', 'Entity directly holds 4 project(s) totaling INR 22,380,000.']"
V000008,Contractor Company 000008,BANK000053,SYNDICATE_053,15,3,14560000,218660000,94.44,"['Shares bank account BANK000053 with 14 other registered contractors.', 'Belongs to SYNDICATE_053 (15 members) controlling 35 projects.', 'Contractor syndicate holds INR 218,660,000 in sanctioned public funds.', 'Entity directly holds 3 project(s) totaling INR 14,560,000.']"
V000883,Contractor Company 000883,BANK000053,SYNDICATE_053,15,2,13370000,218660000,94.44,"['Shares bank account BANK000053 with 14 other registered contractors.', 'Belongs to SYNDICATE_053 (15 members) controlling 35 projects.', 'Contractor syndicate holds INR 218,660,000 in sanctioned public funds.', 'Entity directly holds 2 project(s) totaling INR 13,370,000.']"
V000783,Contractor Company 000783,BANK000053,SYNDICATE_053,15,2,13130000,218660000,94.44,"['Shares bank account BANK000053 with 14 other registered contractors.', 'Belongs to SYNDICATE_053 (15 members) controlling 35 projects.', 'Contractor syndicate holds INR 218,660,000 in sanctioned public funds.', 'Entity directly holds 2 project(s) totaling INR 13,130,000.']"
V000454,Contractor Company 000454,BANK000053,SYNDICATE_053,15,2,10940000,218660000,94.44,"['Shares bank account BANK000053 with 14 other registered contractors.', 'Belongs to SYNDICATE_053 (15 members) controlling 35 projects.', 'Contractor syndicate holds INR 218,660,000 in sanctioned public funds.', 'Entity directly holds 2 project(s) totaling INR 10,940,000.']"
V000804,Contractor Company 000804,BANK000053,SYNDICATE_053,15,1,7390000,218660000,94.44,"['Shares bank account BANK000053 with 14 other registered contractors.', 'Belongs to SYNDICATE_053 (15 members) controlling 35 projects.', 'Contractor syndicate holds INR 218,660,000 in sanctioned public funds.', 'Entity directly holds 1 project(s) totaling INR 7,390,000.']"
V000852,Contractor Company 000852,BANK000053,SYNDICATE_053,15,1,4830000,218660000,94.44,"['Shares bank account BANK000053 with 14 other registered contractors.', 'Belongs to SYNDICATE_053 (15 members) controlling 35 projects.', 'Contractor syndicate holds INR 218,660,000 in sanctioned public funds.', 'Entity directly holds 1 project(s) totaling INR 4,830,000.']"
V000168,Contractor Company 000168,BANK000053,SYNDICATE_053,15,1,2910000,218660000,94.44,"['Shares bank account BANK000053 with 14 other registered contractors.', 'Belongs to SYNDICATE_053 (15 members) controlling 35 projects.', 'Contractor syndicate holds INR 218,660,000 in sanctioned public funds.', 'Entity directly holds 1 project(s) totaling INR 2,910,000.']"
V000751,Contractor Company 000751,BANK000053,SYNDICATE_053,15,0,0,218660000,94.44,"['Shares bank account BANK000053 with 14 other registered contractors.', 'Belongs to SYNDICATE_053 (15 members) controlling 35 projects.', 'Contractor syndicate holds INR 218,660,000 in sanctioned public funds.', 'Entity directly holds 0 project(s) totaling INR 0.']"
V000856,Contractor Company 000856,BANK000053,SYNDICATE_053,15,0,0,218660000,94.44,"['Shares bank account BANK000053 with 14 other registered contractors.', 'Belongs to SYNDICATE_053 (15 members) controlling 35 projects.', 'Contractor syndicate holds INR 218,660,000 in sanctioned public funds.', 'Entity directly holds 0 project(s) totaling INR 0.']"
V000945,Contractor Company 000945,BANK000053,SYNDICATE_053,15,0,0,218660000,94.44,"['Shares bank account BANK000053 with 14 other registered contractors.', 'Belongs to SYNDICATE_053 (15 members) controlling 35 projects.', 'Contractor syndicate holds INR 218,660,000 in sanctioned public funds.', 'Entity directly holds 0 project(s) totaling INR 0.']"
V000958,Contractor Company 000958,BANK000005,SYNDICATE_005,12,5,40350000,183270000,91.66,"['Shares bank account BANK000005 with 11 other registered contractors.', 'Belongs to SYNDICATE_005 (12 members) controlling 31 projects.', 'Contractor syndicate holds INR 183,270,000 in sanctioned public funds.', 'Entity directly holds 5 project(s) totaling INR 40,350,000.']"
V000949,Contractor Company 000949,BANK000005,SYNDICATE_005,12,6,36640000,183270000,91.66,"['Shares bank account BANK000005 with 11 other registered contractors.', 'Belongs to SYNDICATE_005 (12 members) controlling 31 projects.', 'Contractor syndicate holds INR 183,270,000 in sanctioned public funds.', 'Entity directly holds 6 project(s) totaling INR 36,640,000.']"
V000795,Contractor Company 000795,BANK000005,SYNDICATE_005,12,5,23160000,183270000,91.66,"['Shares bank account BANK000005 with 11 other registered contractors.', 'Belongs to SYNDICATE_005 (12 members) controlling 31 projects.', 'Contractor syndicate holds INR 183,270,000 in sanctioned public funds.', 'Entity directly holds 5 project(s) totaling INR 23,160,000.']"
V000619,Contractor Company 000619,BANK000005,SYNDICATE_005,12,3,18650000,183270000,91.66,"['Shares bank account BANK000005 with 11 other registered contractors.', 'Belongs to SYNDICATE_005 (12 members) controlling 31 projects.', 'Contractor syndicate holds INR 183,270,000 in sanctioned public funds.', 'Entity directly holds 3 project(s) totaling INR 18,650,000.']"
V000449,Contractor Company 000449,BANK000005,SYNDICATE_005,12,2,16170000,183270000,91.66,"['Shares bank account BANK000005 with 11 other registered contractors.', 'Belongs to SYNDICATE_005 (12 members) controlling 31 projects.', 'Contractor syndicate holds INR 183,270,000 in sanctioned public funds.', 'Entity directly holds 2 project(s) totaling INR 16,170,000.']"
V000010,Contractor Company 000010,BANK000005,SYNDICATE_005,12,2,15700000,183270000,91.66,"['Shares bank account BANK000005 with 11 other registered contractors.', 'Belongs to SYNDICATE_005 (12 members) controlling 31 projects.', 'Contractor syndicate holds INR 183,270,000 in sanctioned public funds.', 'Entity directly holds 2 project(s) totaling INR 15,700,000.']"
V000724,Contractor Company 000724,BANK000005,SYNDICATE_005,12,2,12040000,183270000,91.66,"['Shares bank account BANK000005 with 11 other registered contractors.', 'Belongs to SYNDICATE_005 (12 members) controlling 31 projects.', 'Contractor syndicate holds INR 183,270,000 in sanctioned public funds.', 'Entity directly holds 2 project(s) totaling INR 12,040,000.']"
V000020,Contractor Company 000020,BANK000005,SYNDICATE_005,12,1,7410000,183270000,91.66,"['Shares bank account BANK000005 with 11 other registered contractors.', 'Belongs to SYNDICATE_005 (12 members) controlling 31 projects.', 'Contractor syndicate holds INR 183,270,000 in sanctioned public funds.', 'Entity directly holds 1 project(s) totaling INR 7,410,000.']"
V000231,Contractor Company 000231,BANK000005,SYNDICATE_005,12,2,6650000,183270000,91.66,"['Shares bank account BANK000005 with 11 other registered contractors.', 'Belongs to SYNDICATE_005 (12 members) controlling 31 projects.', 'Contractor syndicate holds INR 183,270,000 in sanctioned public funds.', 'Entity directly holds 2 project(s) totaling INR 6,650,000.']"
V000531,Contractor Company 000531,BANK000005,SYNDICATE_005,12,1,2770000,183270000,91.66,"['Shares bank account BANK000005 with 11 other registered contractors.', 'Belongs to SYNDICATE_005 (12 members) controlling 31 projects.', 'Contractor syndicate holds INR 183,270,000 in sanctioned public funds.', 'Entity directly holds 1 project(s) totaling INR 2,770,000.']"
V000510,Contractor Company 000510,BANK000005,SYNDICATE_005,12,1,1910000,183270000,91.66,"['Shares bank account BANK000005 with 11 other registered contractors.', 'Belongs to SYNDICATE_005 (12 members) controlling 31 projects.', 'Contractor syndicate holds INR 183,270,000 in sanctioned public funds.', 'Entity directly holds 1 project(s) totaling INR 1,910,000.']"
V000196,Contractor Company 000196,BANK000005,SYNDICATE_005,12,1,1820000,183270000,91.66,"['Shares bank account BANK000005 with 11 other registered contractors.', 'Belongs to SYNDICATE_005 (12 members) controlling 31 projects.', 'Contractor syndicate holds INR 183,270,000 in sanctioned public funds.', 'Entity directly holds 1 project(s) totaling INR 1,820,000.']"
V000064,Contractor Company 000064,BANK000057,SYNDICATE_057,15,4,21790000,136490000,90.5,"['Shares bank account BANK000057 with 14 other registered contractors.', 'Belongs to SYNDICATE_057 (15 members) controlling 29 projects.', 'Contractor syndicate holds INR 136,490,000 in sanctioned public funds.', 'Entity directly holds 4 project(s) totaling INR 21,790,000.']"
V000412,Contractor Company 000412,BANK000057,SYNDICATE_057,15,3,18950000,136490000,90.5,"['Shares bank account BANK000057 with 14 other registered contractors.', 'Belongs to SYNDICATE_057 (15 members) controlling 29 projects.', 'Contractor syndicate holds INR 136,490,000 in sanctioned public funds.', 'Entity directly holds 3 project(s) totaling INR 18,950,000.']"
V000150,Contractor Company 000150,BANK000057,SYNDICATE_057,15,2,13760000,136490000,90.5,"['Shares bank account BANK000057 with 14 other registered contractors.', 'Belongs to SYNDICATE_057 (15 members) controlling 29 projects.', 'Contractor syndicate holds INR 136,490,000 in sanctioned public funds.', 'Entity directly holds 2 project(s) totaling INR 13,760,000.']"
V000908,Contractor Company 000908,BANK000057,SYNDICATE_057,15,2,13620000,136490000,90.5,"['Shares bank account BANK000057 with 14 other registered contractors.', 'Belongs to SYNDICATE_057 (15 members) controlling 29 projects.', 'Contractor syndicate holds INR 136,490,000 in sanctioned public funds.', 'Entity directly holds 2 project(s) totaling INR 13,620,000.']"
V000455,Contractor Company 000455,BANK000057,SYNDICATE_057,15,3,11530000,136490000,90.5,"['Shares bank account BANK000057 with 14 other registered contractors.', 'Belongs to SYNDICATE_057 (15 members) controlling 29 projects.', 'Contractor syndicate holds INR 136,490,000 in sanctioned public funds.', 'Entity directly holds 3 project(s) totaling INR 11,530,000.']"
V000374,Contractor Company 000374,BANK000057,SYNDICATE_057,15,2,10370000,136490000,90.5,"['Shares bank account BANK000057 with 14 other registered contractors.', 'Belongs to SYNDICATE_057 (15 members) controlling 29 projects.', 'Contractor syndicate holds INR 136,490,000 in sanctioned public funds.', 'Entity directly holds 2 project(s) totaling INR 10,370,000.']"
V000413,Contractor Company 000413,BANK000057,SYNDICATE_057,15,2,10090000,136490000,90.5,"['Shares bank account BANK000057 with 14 other registered contractors.', 'Belongs to SYNDICATE_057 (15 members) controlling 29 projects.', 'Contractor syndicate holds INR 136,490,000 in sanctioned public funds.', 'Entity directly holds 2 project(s) totaling INR 10,090,000.']"
V000744,Contractor Company 000744,BANK000057,SYNDICATE_057,15,1,7830000,136490000,90.5,"['Shares bank account BANK000057 with 14 other registered contractors.', 'Belongs to SYNDICATE_057 (15 members) controlling 29 projects.', 'Contractor syndicate holds INR 136,490,000 in sanctioned public funds.', 'Entity directly holds 1 project(s) totaling INR 7,830,000.']"
V000882,Contractor Company 000882,BANK000057,SYNDICATE_057,15,3,7750000,136490000,90.5,"['Shares bank account BANK000057 with 14 other registered contractors.', 'Belongs to SYNDICATE_057 (15 members) controlling 29 projects.', 'Contractor syndicate holds INR 136,490,000 in sanctioned public funds.', 'Entity directly holds 3 project(s) totaling INR 7,750,000.']"
V000233,Contractor Company 000233,BANK000057,SYNDICATE_057,15,1,6580000,136490000,90.5,"['Shares bank account BANK000057 with 14 other registered contractors.', 'Belongs to SYNDICATE_057 (15 members) controlling 29 projects.', 'Contractor syndicate holds INR 136,490,000 in sanctioned public funds.', 'Entity directly holds 1 project(s) totaling INR 6,580,000.']"
V000657,Contractor Company 000657,BANK000057,SYNDICATE_057,15,1,4010000,136490000,90.5,"['Shares bank account BANK000057 with 14 other registered contractors.', 'Belongs to SYNDICATE_057 (15 members) controlling 29 projects.', 'Contractor syndicate holds INR 136,490,000 in sanctioned public funds.', 'Entity directly holds 1 project(s) totaling INR 4,010,000.']"
V000272,Contractor Company 000272,BANK000057,SYNDICATE_057,15,2,3950000,136490000,90.5,"['Shares bank account BANK000057 with 14 other registered contractors.', 'Belongs to SYNDICATE_057 (15 members) controlling 29 projects.', 'Contractor syndicate holds INR 136,490,000 in sanctioned public funds.', 'Entity directly holds 2 project(s) totaling INR 3,950,000.']"
V000848,Contractor Company 000848,BANK000057,SYNDICATE_057,15,1,2730000,136490000,90.5,"['Shares bank account BANK000057 with 14 other registered contractors.', 'Belongs to SYNDICATE_057 (15 members) controlling 29 projects.', 'Contractor syndicate holds INR 136,490,000 in sanctioned public funds.', 'Entity directly holds 1 project(s) totaling INR 2,730,000.']"
V000712,Contractor Company 000712,BANK000057,SYNDICATE_057,15,1,1860000,136490000,90.5,"['Shares bank account BANK000057 with 14 other registered contractors.', 'Belongs to SYNDICATE_057 (15 members) controlling 29 projects.', 'Contractor syndicate holds INR 136,490,000 in sanctioned public funds.', 'Entity directly holds 1 project(s) totaling INR 1,860,000.']"
V000178,Contractor Company 000178,BANK000057,SYNDICATE_057,15,1,1670000,136490000,90.5,"['Shares bank account BANK000057 with 14 other registered contractors.', 'Belongs to SYNDICATE_057 (15 members) controlling 29 projects.', 'Contractor syndicate holds INR 136,490,000 in sanctioned public funds.', 'Entity directly holds 1 project(s) totaling INR 1,670,000.']"
V000756,Contractor Company 000756,BANK000041,SYNDICATE_041,13,4,19890000,160270000,90.34,"['Shares bank account BANK000041 with 12 other registered contractors.', 'Belongs to SYNDICATE_041 (13 members) controlling 26 projects.', 'Contractor syndicate holds INR 160,270,000 in sanctioned public funds.', 'Entity directly holds 4 project(s) totaling INR 19,890,000.']"
V000391,Contractor Company 000391,BANK000041,SYNDICATE_041,13,2,17800000,160270000,90.34,"['Shares bank account BANK000041 with 12 other registered contractors.', 'Belongs to SYNDICATE_041 (13 members) controlling 26 projects.', 'Contractor syndicate holds INR 160,270,000 in sanctioned public funds.', 'Entity directly holds 2 project(s) totaling INR 17,800,000.']"
V000875,Contractor Company 000875,BANK000041,SYNDICATE_041,13,2,17670000,160270000,90.34,"['Shares bank account BANK000041 with 12 other registered contractors.', 'Belongs to SYNDICATE_041 (13 members) controlling 26 projects.', 'Contractor syndicate holds INR 160,270,000 in sanctioned public funds.', 'Entity directly holds 2 project(s) totaling INR 17,670,000.']"
V000197,Contractor Company 000197,BANK000041,SYNDICATE_041,13,2,17450000,160270000,90.34,"['Shares bank account BANK000041 with 12 other registered contractors.', 'Belongs to SYNDICATE_041 (13 members) controlling 26 projects.', 'Contractor syndicate holds INR 160,270,000 in sanctioned public funds.', 'Entity directly holds 2 project(s) totaling INR 17,450,000.']"
V000239,Contractor Company 000239,BANK000041,SYNDICATE_041,13,2,15750000,160270000,90.34,"['Shares bank account BANK000041 with 12 other registered contractors.', 'Belongs to SYNDICATE_041 (13 members) controlling 26 projects.', 'Contractor syndicate holds INR 160,270,000 in sanctioned public funds.', 'Entity directly holds 2 project(s) totaling INR 15,750,000.']"
V000644,Contractor Company 000644,BANK000041,SYNDICATE_041,13,2,14350000,160270000,90.34,"['Shares bank account BANK000041 with 12 other registered contractors.', 'Belongs to SYNDICATE_041 (13 members) controlling 26 projects.', 'Contractor syndicate holds INR 160,270,000 in sanctioned public funds.', 'Entity directly holds 2 project(s) totaling INR 14,350,000.']"
V000874,Contractor Company 000874,BANK000041,SYNDICATE_041,13,2,13600000,160270000,90.34,"['Shares bank account BANK000041 with 12 other registered contractors.', 'Belongs to SYNDICATE_041 (13 members) controlling 26 projects.', 'Contractor syndicate holds INR 160,270,000 in sanctioned public funds.', 'Entity directly holds 2 project(s) totaling INR 13,600,000.']"
V000846,Contractor Company 000846,BANK000041,SYNDICATE_041,13,2,10560000,160270000,90.34,"['Shares bank account BANK000041 with 12 other registered contractors.', 'Belongs to SYNDICATE_041 (13 members) controlling 26 projects.', 'Contractor syndicate holds INR 160,270,000 in sanctioned public funds.', 'Entity directly holds 2 project(s) totaling INR 10,560,000.']"
V000342,Contractor Company 000342,BANK000041,SYNDICATE_041,13,2,9720000,160270000,90.34,"['Shares bank account BANK000041 with 12 other registered contractors.', 'Belongs to SYNDICATE_041 (13 members) controlling 26 projects.', 'Contractor syndicate holds INR 160,270,000 in sanctioned public funds.', 'Entity directly holds 2 project(s) totaling INR 9,720,000.']"
V000651,Contractor Company 000651,BANK000041,SYNDICATE_041,13,2,8280000,160270000,90.34,"['Shares bank account BANK000041 with 12 other registered contractors.', 'Belongs to SYNDICATE_041 (13 members) controlling 26 projects.', 'Contractor syndicate holds INR 160,270,000 in sanctioned public funds.', 'Entity directly holds 2 project(s) totaling INR 8,280,000.']"
V000941,Contractor Company 000941,BANK000041,SYNDICATE_041,13,2,8060000,160270000,90.34,"['Shares bank account BANK000041 with 12 other registered contractors.', 'Belongs to SYNDICATE_041 (13 members) controlling 26 projects.', 'Contractor syndicate holds INR 160,270,000 in sanctioned public funds.', 'Entity directly holds 2 project(s) totaling INR 8,060,000.']"
V000561,Contractor Company 000561,BANK000041,SYNDICATE_041,13,1,4740000,160270000,90.34,"['Shares bank account BANK000041 with 12 other registered contractors.', 'Belongs to SYNDICATE_041 (13 members) controlling 26 projects.', 'Contractor syndicate holds INR 160,270,000 in sanctioned public funds.', 'Entity directly holds 1 project(s) totaling INR 4,740,000.']"
V000827,Contractor Company 000827,BANK000041,SYNDICATE_041,13,1,2400000,160270000,90.34,"['Shares bank account BANK000041 with 12 other registered contractors.', 'Belongs to SYNDICATE_041 (13 members) controlling 26 projects.', 'Contractor syndicate holds INR 160,270,000 in sanctioned public funds.', 'Entity directly holds 1 project(s) totaling INR 2,400,000.']"
V000433,Contractor Company 000433,BANK000043,SYNDICATE_043,15,5,23960000,154060000,90.03,"['Shares bank account BANK000043 with 14 other registered contractors.', 'Belongs to SYNDICATE_043 (15 members) controlling 30 projects.', 'Contractor syndicate holds INR 154,060,000 in sanctioned public funds.', 'Entity directly holds 5 project(s) totaling INR 23,960,000.']"
V000313,Contractor Company 000313,BANK000043,SYNDICATE_043,15,4,23190000,154060000,90.03,"['Shares bank account BANK000043 with 14 other registered contractors.', 'Belongs to SYNDICATE_043 (15 members) controlling 30 projects.', 'Contractor syndicate holds INR 154,060,000 in sanctioned public funds.', 'Entity directly holds 4 project(s) totaling INR 23,190,000.']"
V000066,Contractor Company 000066,BANK000043,SYNDICATE_043,15,2,18700000,154060000,90.03,"['Shares bank account BANK000043 with 14 other registered contractors.', 'Belongs to SYNDICATE_043 (15 members) controlling 30 projects.', 'Contractor syndicate holds INR 154,060,000 in sanctioned public funds.', 'Entity directly holds 2 project(s) totaling INR 18,700,000.']"
V000135,Contractor Company 000135,BANK000043,SYNDICATE_043,15,4,18150000,154060000,90.03,"['Shares bank account BANK000043 with 14 other registered contractors.', 'Belongs to SYNDICATE_043 (15 members) controlling 30 projects.', 'Contractor syndicate holds INR 154,060,000 in sanctioned public funds.', 'Entity directly holds 4 project(s) totaling INR 18,150,000.']"
V000914,Contractor Company 000914,BANK000043,SYNDICATE_043,15,2,14540000,154060000,90.03,"['Shares bank account BANK000043 with 14 other registered contractors.', 'Belongs to SYNDICATE_043 (15 members) controlling 30 projects.', 'Contractor syndicate holds INR 154,060,000 in sanctioned public funds.', 'Entity directly holds 2 project(s) totaling INR 14,540,000.']"
V000192,Contractor Company 000192,BANK000043,SYNDICATE_043,15,2,11920000,154060000,90.03,"['Shares bank account BANK000043 with 14 other registered contractors.', 'Belongs to SYNDICATE_043 (15 members) controlling 30 projects.', 'Contractor syndicate holds INR 154,060,000 in sanctioned public funds.', 'Entity directly holds 2 project(s) totaling INR 11,920,000.']"
V000682,Contractor Company 000682,BANK000043,SYNDICATE_043,15,2,11660000,154060000,90.03,"['Shares bank account BANK000043 with 14 other registered contractors.', 'Belongs to SYNDICATE_043 (15 members) controlling 30 projects.', 'Contractor syndicate holds INR 154,060,000 in sanctioned public funds.', 'Entity directly holds 2 project(s) totaling INR 11,660,000.']"
V000436,Contractor Company 000436,BANK000043,SYNDICATE_043,15,2,7130000,154060000,90.03,"['Shares bank account BANK000043 with 14 other registered contractors.', 'Belongs to SYNDICATE_043 (15 members) controlling 30 projects.', 'Contractor syndicate holds INR 154,060,000 in sanctioned public funds.', 'Entity directly holds 2 project(s) totaling INR 7,130,000.']"
V000870,Contractor Company 000870,BANK000043,SYNDICATE_043,15,2,6350000,154060000,90.03,"['Shares bank account BANK000043 with 14 other registered contractors.', 'Belongs to SYNDICATE_043 (15 members) controlling 30 projects.', 'Contractor syndicate holds INR 154,060,000 in sanctioned public funds.', 'Entity directly holds 2 project(s) totaling INR 6,350,000.']"
V000869,Contractor Company 000869,BANK000043,SYNDICATE_043,15,1,6270000,154060000,90.03,"['Shares bank account BANK000043 with 14 other registered contractors.', 'Belongs to SYNDICATE_043 (15 members) controlling 30 projects.', 'Contractor syndicate holds INR 154,060,000 in sanctioned public funds.', 'Entity directly holds 1 project(s) totaling INR 6,270,000.']"
V000043,Contractor Company 000043,BANK000043,SYNDICATE_043,15,1,5830000,154060000,90.03,"['Shares bank account BANK000043 with 14 other registered contractors.', 'Belongs to SYNDICATE_043 (15 members) controlling 30 projects.', 'Contractor syndicate holds INR 154,060,000 in sanctioned public funds.', 'Entity directly holds 1 project(s) totaling INR 5,830,000.']"
V000014,Contractor Company 000014,BANK000043,SYNDICATE_043,15,2,4260000,154060000,90.03,"['Shares bank account BANK000043 with 14 other registered contractors.', 'Belongs to SYNDICATE_043 (15 members) controlling 30 projects.', 'Contractor syndicate holds INR 154,060,000 in sanctioned public funds.', 'Entity directly holds 2 project(s) totaling INR 4,260,000.']"
V000628,Contractor Company 000628,BANK000043,SYNDICATE_043,15,1,2100000,154060000,90.03,"['Shares bank account BANK000043 with 14 other registered contractors.', 'Belongs to SYNDICATE_043 (15 members) controlling 30 projects.', 'Contractor syndicate holds INR 154,060,000 in sanctioned public funds.', 'Entity directly holds 1 project(s) totaling INR 2,100,000.']"
V000028,Contractor Company 000028,BANK000043,SYNDICATE_043,15,0,0,154060000,90.03,"['Shares bank account BANK000043 with 14 other registered contractors.', 'Belongs to SYNDICATE_043 (15 members) controlling 30 projects.', 'Contractor syndicate holds INR 154,060,000 in sanctioned public funds.', 'Entity directly holds 0 project(s) totaling INR 0.']"
V000238,Contractor Company 000238,BANK000043,SYNDICATE_043,15,0,0,154060000,90.03,"['Shares bank account BANK000043 with 14 other registered contractors.', 'Belongs to SYNDICATE_043 (15 members) controlling 30 projects.', 'Contractor syndicate holds INR 154,060,000 in sanctioned public funds.', 'Entity directly holds 0 project(s) totaling INR 0.']"
V000537,Contractor Company 000537,BANK000018,SYNDICATE_018,13,5,29960000,168430000,89.82,"['Shares bank account BANK000018 with 12 other registered contractors.', 'Belongs to SYNDICATE_018 (13 members) controlling 28 projects.', 'Contractor syndicate holds INR 168,430,000 in sanctioned public funds.', 'Entity directly holds 5 project(s) totaling INR 29,960,000.']"
V000660,Contractor Company 000660,BANK000018,SYNDICATE_018,13,2,18320000,168430000,89.82,"['Shares bank account BANK000018 with 12 other registered contractors.', 'Belongs to SYNDICATE_018 (13 members) controlling 28 projects.', 'Contractor syndicate holds INR 168,430,000 in sanctioned public funds.', 'Entity directly holds 2 project(s) totaling INR 18,320,000.']"
V000295,Contractor Company 000295,BANK000018,SYNDICATE_018,13,3,17300000,168430000,89.82,"['Shares bank account BANK000018 with 12 other registered contractors.', 'Belongs to SYNDICATE_018 (13 members) controlling 28 projects.', 'Contractor syndicate holds INR 168,430,000 in sanctioned public funds.', 'Entity directly holds 3 project(s) totaling INR 17,300,000.']"
V000689,Contractor Company 000689,BANK000018,SYNDICATE_018,13,2,16350000,168430000,89.82,"['Shares bank account BANK000018 with 12 other registered contractors.', 'Belongs to SYNDICATE_018 (13 members) controlling 28 projects.', 'Contractor syndicate holds INR 168,430,000 in sanctioned public funds.', 'Entity directly holds 2 project(s) totaling INR 16,350,000.']"
V000932,Contractor Company 000932,BANK000018,SYNDICATE_018,13,3,16280000,168430000,89.82,"['Shares bank account BANK000018 with 12 other registered contractors.', 'Belongs to SYNDICATE_018 (13 members) controlling 28 projects.', 'Contractor syndicate holds INR 168,430,000 in sanctioned public funds.', 'Entity directly holds 3 project(s) totaling INR 16,280,000.']"
V000463,Contractor Company 000463,BANK000018,SYNDICATE_018,13,3,15690000,168430000,89.82,"['Shares bank account BANK000018 with 12 other registered contractors.', 'Belongs to SYNDICATE_018 (13 members) controlling 28 projects.', 'Contractor syndicate holds INR 168,430,000 in sanctioned public funds.', 'Entity directly holds 3 project(s) totaling INR 15,690,000.']"
V000292,Contractor Company 000292,BANK000018,SYNDICATE_018,13,4,15070000,168430000,89.82,"['Shares bank account BANK000018 with 12 other registered contractors.', 'Belongs to SYNDICATE_018 (13 members) controlling 28 projects.', 'Contractor syndicate holds INR 168,430,000 in sanctioned public funds.', 'Entity directly holds 4 project(s) totaling INR 15,070,000.']"
V000860,Contractor Company 000860,BANK000018,SYNDICATE_018,13,2,11190000,168430000,89.82,"['Shares bank account BANK000018 with 12 other registered contractors.', 'Belongs to SYNDICATE_018 (13 members) controlling 28 projects.', 'Contractor syndicate holds INR 168,430,000 in sanctioned public funds.', 'Entity directly holds 2 project(s) totaling INR 11,190,000.']"
V000504,Contractor Company 000504,BANK000018,SYNDICATE_018,13,1,9020000,168430000,89.82,"['Shares bank account BANK000018 with 12 other registered contractors.', 'Belongs to SYNDICATE_018 (13 members) controlling 28 projects.', 'Contractor syndicate holds INR 168,430,000 in sanctioned public funds.', 'Entity directly holds 1 project(s) totaling INR 9,020,000.']"
V000476,Contractor Company 000476,BANK000018,SYNDICATE_018,13,1,8760000,168430000,89.82,"['Shares bank account BANK000018 with 12 other registered contractors.', 'Belongs to SYNDICATE_018 (13 members) controlling 28 projects.', 'Contractor syndicate holds INR 168,430,000 in sanctioned public funds.', 'Entity directly holds 1 project(s) totaling INR 8,760,000.']"
V000763,Contractor Company 000763,BANK000018,SYNDICATE_018,13,1,7370000,168430000,89.82,"['Shares bank account BANK000018 with 12 other registered contractors.', 'Belongs to SYNDICATE_018 (13 members) controlling 28 projects.', 'Contractor syndicate holds INR 168,430,000 in sanctioned public funds.', 'Entity directly holds 1 project(s) totaling INR 7,370,000.']"
V000680,Contractor Company 000680,BANK000018,SYNDICATE_018,13,1,3120000,168430000,89.82,"['Shares bank account BANK000018 with 12 other registered contractors.', 'Belongs to SYNDICATE_018 (13 members) controlling 28 projects.', 'Contractor syndicate holds INR 168,430,000 in sanctioned public funds.', 'Entity directly holds 1 project(s) totaling INR 3,120,000.']"
V000943,Contractor Company 000943,BANK000018,SYNDICATE_018,13,0,0,168430000,89.82,"['Shares bank account BANK000018 with 12 other registered contractors.', 'Belongs to SYNDICATE_018 (13 members) controlling 28 projects.', 'Contractor syndicate holds INR 168,430,000 in sanctioned public funds.', 'Entity directly holds 0 project(s) totaling INR 0.']"
V000939,Contractor Company 000939,BANK000072,SYNDICATE_072,12,6,31060000,166740000,89.59,"['Shares bank account BANK000072 with 11 other registered contractors.', 'Belongs to SYNDICATE_072 (12 members) controlling 32 projects.', 'Contractor syndicate holds INR 166,740,000 in sanctioned public funds.', 'Entity directly holds 6 project(s) totaling INR 31,060,000.']"
V000348,Contractor Company 000348,BANK000072,SYNDICATE_072,12,4,24690000,166740000,89.59,"['Shares bank account BANK000072 with 11 other registered contractors.', 'Belongs to SYNDICATE_072 (12 members) controlling 32 projects.', 'Contractor syndicate holds INR 166,740,000 in sanctioned public funds.', 'Entity directly holds 4 project(s) totaling INR 24,690,000.']"
V000440,Contractor Company 000440,BANK000072,SYNDICATE_072,12,4,16470000,166740000,89.59,"['Shares bank account BANK000072 with 11 other registered contractors.', 'Belongs to SYNDICATE_072 (12 members) controlling 32 projects.', 'Contractor syndicate holds INR 166,740,000 in sanctioned public funds.', 'Entity directly holds 4 project(s) totaling INR 16,470,000.']"
V000157,Contractor Company 000157,BANK000072,SYNDICATE_072,12,2,14070000,166740000,89.59,"['Shares bank account BANK000072 with 11 other registered contractors.', 'Belongs to SYNDICATE_072 (12 members) controlling 32 projects.', 'Contractor syndicate holds INR 166,740,000 in sanctioned public funds.', 'Entity directly holds 2 project(s) totaling INR 14,070,000.']"
V000388,Contractor Company 000388,BANK000072,SYNDICATE_072,12,4,13840000,166740000,89.59,"['Shares bank account BANK000072 with 11 other registered contractors.', 'Belongs to SYNDICATE_072 (12 members) controlling 32 projects.', 'Contractor syndicate holds INR 166,740,000 in sanctioned public funds.', 'Entity directly holds 4 project(s) totaling INR 13,840,000.']"
V000590,Contractor Company 000590,BANK000072,SYNDICATE_072,12,2,13360000,166740000,89.59,"['Shares bank account BANK000072 with 11 other registered contractors.', 'Belongs to SYNDICATE_072 (12 members) controlling 32 projects.', 'Contractor syndicate holds INR 166,740,000 in sanctioned public funds.', 'Entity directly holds 2 project(s) totaling INR 13,360,000.']"
V000282,Contractor Company 000282,BANK000072,SYNDICATE_072,12,3,12000000,166740000,89.59,"['Shares bank account BANK000072 with 11 other registered contractors.', 'Belongs to SYNDICATE_072 (12 members) controlling 32 projects.', 'Contractor syndicate holds INR 166,740,000 in sanctioned public funds.', 'Entity directly holds 3 project(s) totaling INR 12,000,000.']"
V000754,Contractor Company 000754,BANK000072,SYNDICATE_072,12,3,11290000,166740000,89.59,"['Shares bank account BANK000072 with 11 other registered contractors.', 'Belongs to SYNDICATE_072 (12 members) controlling 32 projects.', 'Contractor syndicate holds INR 166,740,000 in sanctioned public funds.', 'Entity directly holds 3 project(s) totaling INR 11,290,000.']"
V000851,Contractor Company 000851,BANK000072,SYNDICATE_072,12,1,9960000,166740000,89.59,"['Shares bank account BANK000072 with 11 other registered contractors.', 'Belongs to SYNDICATE_072 (12 members) controlling 32 projects.', 'Contractor syndicate holds INR 166,740,000 in sanctioned public funds.', 'Entity directly holds 1 project(s) totaling INR 9,960,000.']"
V000349,Contractor Company 000349,BANK000072,SYNDICATE_072,12,1,8620000,166740000,89.59,"['Shares bank account BANK000072 with 11 other registered contractors.', 'Belongs to SYNDICATE_072 (12 members) controlling 32 projects.', 'Contractor syndicate holds INR 166,740,000 in sanctioned public funds.', 'Entity directly holds 1 project(s) totaling INR 8,620,000.']"
V000944,Contractor Company 000944,BANK000072,SYNDICATE_072,12,1,8360000,166740000,89.59,"['Shares bank account BANK000072 with 11 other registered contractors.', 'Belongs to SYNDICATE_072 (12 members) controlling 32 projects.', 'Contractor syndicate holds INR 166,740,000 in sanctioned public funds.', 'Entity directly holds 1 project(s) totaling INR 8,360,000.']"
V000652,Contractor Company 000652,BANK000072,SYNDICATE_072,12,1,3020000,166740000,89.59,"['Shares bank account BANK000072 with 11 other registered contractors.', 'Belongs to SYNDICATE_072 (12 members) controlling 32 projects.', 'Contractor syndicate holds INR 166,740,000 in sanctioned public funds.', 'Entity directly holds 1 project(s) totaling INR 3,020,000.']"
V000264,Contractor Company 000264,BANK000085,SYNDICATE_085,16,4,20670000,134570000,89.32,"['Shares bank account BANK000085 with 15 other registered contractors.', 'Belongs to SYNDICATE_085 (16 members) controlling 28 projects.', 'Contractor syndicate holds INR 134,570,000 in sanctioned public funds.', 'Entity directly holds 4 project(s) totaling INR 20,670,000.']"
V000109,Contractor Company 000109,BANK000085,SYNDICATE_085,16,2,17610000,134570000,89.32,"['Shares bank account BANK000085 with 15 other registered contractors.', 'Belongs to SYNDICATE_085 (16 members) controlling 28 projects.', 'Contractor syndicate holds INR 134,570,000 in sanctioned public funds.', 'Entity directly holds 2 project(s) totaling INR 17,610,000.']"
V000802,Contractor Company 000802,BANK000085,SYNDICATE_085,16,3,17370000,134570000,89.32,"['Shares bank account BANK000085 with 15 other registered contractors.', 'Belongs to SYNDICATE_085 (16 members) controlling 28 projects.', 'Contractor syndicate holds INR 134,570,000 in sanctioned public funds.', 'Entity directly holds 3 project(s) totaling INR 17,370,000.']"
V000575,Contractor Company 000575,BANK000085,SYNDICATE_085,16,2,12800000,134570000,89.32,"['Shares bank account BANK000085 with 15 other registered contractors.', 'Belongs to SYNDICATE_085 (16 members) controlling 28 projects.', 'Contractor syndicate holds INR 134,570,000 in sanctioned public funds.', 'Entity directly holds 2 project(s) totaling INR 12,800,000.']"
V000365,Contractor Company 000365,BANK000085,SYNDICATE_085,16,3,12420000,134570000,89.32,"['Shares bank account BANK000085 with 15 other registered contractors.', 'Belongs to SYNDICATE_085 (16 members) controlling 28 projects.', 'Contractor syndicate holds INR 134,570,000 in sanctioned public funds.', 'Entity directly holds 3 project(s) totaling INR 12,420,000.']"
V000029,Contractor Company 000029,BANK000085,SYNDICATE_085,16,3,11260000,134570000,89.32,"['Shares bank account BANK000085 with 15 other registered contractors.', 'Belongs to SYNDICATE_085 (16 members) controlling 28 projects.', 'Contractor syndicate holds INR 134,570,000 in sanctioned public funds.', 'Entity directly holds 3 project(s) totaling INR 11,260,000.']"
V000355,Contractor Company 000355,BANK000085,SYNDICATE_085,16,2,11190000,134570000,89.32,"['Shares bank account BANK000085 with 15 other registered contractors.', 'Belongs to SYNDICATE_085 (16 members) controlling 28 projects.', 'Contractor syndicate holds INR 134,570,000 in sanctioned public funds.', 'Entity directly holds 2 project(s) totaling INR 11,190,000.']"
V000522,Contractor Company 000522,BANK000085,SYNDICATE_085,16,3,7960000,134570000,89.32,"['Shares bank account BANK000085 with 15 other registered contractors.', 'Belongs to SYNDICATE_085 (16 members) controlling 28 projects.', 'Contractor syndicate holds INR 134,570,000 in sanctioned public funds.', 'Entity directly holds 3 project(s) totaling INR 7,960,000.']"
V000165,Contractor Company 000165,BANK000085,SYNDICATE_085,16,1,6600000,134570000,89.32,"['Shares bank account BANK000085 with 15 other registered contractors.', 'Belongs to SYNDICATE_085 (16 members) controlling 28 projects.', 'Contractor syndicate holds INR 134,570,000 in sanctioned public funds.', 'Entity directly holds 1 project(s) totaling INR 6,600,000.']"
V000738,Contractor Company 000738,BANK000085,SYNDICATE_085,16,1,6110000,134570000,89.32,"['Shares bank account BANK000085 with 15 other registered contractors.', 'Belongs to SYNDICATE_085 (16 members) controlling 28 projects.', 'Contractor syndicate holds INR 134,570,000 in sanctioned public funds.', 'Entity directly holds 1 project(s) totaling INR 6,110,000.']"
V000132,Contractor Company 000132,BANK000085,SYNDICATE_085,16,1,3640000,134570000,89.32,"['Shares bank account BANK000085 with 15 other registered contractors.', 'Belongs to SYNDICATE_085 (16 members) controlling 28 projects.', 'Contractor syndicate holds INR 134,570,000 in sanctioned public funds.', 'Entity directly holds 1 project(s) totaling INR 3,640,000.']"
V000195,Contractor Company 000195,BANK000085,SYNDICATE_085,16,1,2890000,134570000,89.32,"['Shares bank account BANK000085 with 15 other registered contractors.', 'Belongs to SYNDICATE_085 (16 members) controlling 28 projects.', 'Contractor syndicate holds INR 134,570,000 in sanctioned public funds.', 'Entity directly holds 1 project(s) totaling INR 2,890,000.']"
V000750,Contractor Company 000750,BANK000085,SYNDICATE_085,16,1,2800000,134570000,89.32,"['Shares bank account BANK000085 with 15 other registered contractors.', 'Belongs to SYNDICATE_085 (16 members) controlling 28 projects.', 'Contractor syndicate holds INR 134,570,000 in sanctioned public funds.', 'Entity directly holds 1 project(s) totaling INR 2,800,000.']"
V000307,Contractor Company 000307,BANK000085,SYNDICATE_085,16,1,1250000,134570000,89.32,"['Shares bank account BANK000085 with 15 other registered contractors.', 'Belongs to SYNDICATE_085 (16 members) controlling 28 projects.', 'Contractor syndicate holds INR 134,570,000 in sanctioned public funds.', 'Entity directly holds 1 project(s) totaling INR 1,250,000.']"
V000230,Contractor Company 000230,BANK000085,SYNDICATE_085,16,0,0,134570000,89.32,"['Shares bank account BANK000085 with 15 other registered contractors.', 'Belongs to SYNDICATE_085 (16 members) controlling 28 projects.', 'Contractor syndicate holds INR 134,570,000 in sanctioned public funds.', 'Entity directly holds 0 project(s) totaling INR 0.']"
V000437,Contractor Company 000437,BANK000085,SYNDICATE_085,16,0,0,134570000,89.32,"['Shares bank account BANK000085 with 15 other registered contractors.', 'Belongs to SYNDICATE_085 (16 members) controlling 28 projects.', 'Contractor syndicate holds INR 134,570,000 in sanctioned public funds.', 'Entity directly holds 0 project(s) totaling INR 0.']"
V000069,Contractor Company 000069,BANK000091,SYNDICATE_091,12,4,33280000,163240000,89.16,"['Shares bank account BANK000091 with 11 other registered contractors.', 'Belongs to SYNDICATE_091 (12 members) controlling 28 projects.', 'Contractor syndicate holds INR 163,240,000 in sanctioned public funds.', 'Entity directly holds 4 project(s) totaling INR 33,280,000.']"
V000229,Contractor Company 000229,BANK000091,SYNDICATE_091,12,3,21780000,163240000,89.16,"['Shares bank account BANK000091 with 11 other registered contractors.', 'Belongs to SYNDICATE_091 (12 members) controlling 28 projects.', 'Contractor syndicate holds INR 163,240,000 in sanctioned public funds.', 'Entity directly holds 3 project(s) totaling INR 21,780,000.']"
V000946,Contractor Company 000946,BANK000091,SYNDICATE_091,12,4,20810000,163240000,89.16,"['Shares bank account BANK000091 with 11 other registered contractors.', 'Belongs to SYNDICATE_091 (12 members) controlling 28 projects.', 'Contractor syndicate holds INR 163,240,000 in sanctioned public funds.', 'Entity directly holds 4 project(s) totaling INR 20,810,000.']"
V000543,Contractor Company 000543,BANK000091,SYNDICATE_091,12,2,15870000,163240000,89.16,"['Shares bank account BANK000091 with 11 other registered contractors.', 'Belongs to SYNDICATE_091 (12 members) controlling 28 projects.', 'Contractor syndicate holds INR 163,240,000 in sanctioned public funds.', 'Entity directly holds 2 project(s) totaling INR 15,870,000.']"
V000650,Contractor Company 000650,BANK000091,SYNDICATE_091,12,3,15580000,163240000,89.16,"['Shares bank account BANK000091 with 11 other registered contractors.', 'Belongs to SYNDICATE_091 (12 members) controlling 28 projects.', 'Contractor syndicate holds INR 163,240,000 in sanctioned public funds.', 'Entity directly holds 3 project(s) totaling INR 15,580,000.']"
V000213,Contractor Company 000213,BANK000091,SYNDICATE_091,12,2,11670000,163240000,89.16,"['Shares bank account BANK000091 with 11 other registered contractors.', 'Belongs to SYNDICATE_091 (12 members) controlling 28 projects.', 'Contractor syndicate holds INR 163,240,000 in sanctioned public funds.', 'Entity directly holds 2 project(s) totaling INR 11,670,000.']"
V000910,Contractor Company 000910,BANK000091,SYNDICATE_091,12,3,11060000,163240000,89.16,"['Shares bank account BANK000091 with 11 other registered contractors.', 'Belongs to SYNDICATE_091 (12 members) controlling 28 projects.', 'Contractor syndicate holds INR 163,240,000 in sanctioned public funds.', 'Entity directly holds 3 project(s) totaling INR 11,060,000.']"
V000760,Contractor Company 000760,BANK000091,SYNDICATE_091,12,2,10370000,163240000,89.16,"['Shares bank account BANK000091 with 11 other registered contractors.', 'Belongs to SYNDICATE_091 (12 members) controlling 28 projects.', 'Contractor syndicate holds INR 163,240,000 in sanctioned public funds.', 'Entity directly holds 2 project(s) totaling INR 10,370,000.']"
V000549,Contractor Company 000549,BANK000091,SYNDICATE_091,12,2,7740000,163240000,89.16,"['Shares bank account BANK000091 with 11 other registered contractors.', 'Belongs to SYNDICATE_091 (12 members) controlling 28 projects.', 'Contractor syndicate holds INR 163,240,000 in sanctioned public funds.', 'Entity directly holds 2 project(s) totaling INR 7,740,000.']"
V000568,Contractor Company 000568,BANK000091,SYNDICATE_091,12,1,6290000,163240000,89.16,"['Shares bank account BANK000091 with 11 other registered contractors.', 'Belongs to SYNDICATE_091 (12 members) controlling 28 projects.', 'Contractor syndicate holds INR 163,240,000 in sanctioned public funds.', 'Entity directly holds 1 project(s) totaling INR 6,290,000.']"
V000962,Contractor Company 000962,BANK000091,SYNDICATE_091,12,1,4990000,163240000,89.16,"['Shares bank account BANK000091 with 11 other registered contractors.', 'Belongs to SYNDICATE_091 (12 members) controlling 28 projects.', 'Contractor syndicate holds INR 163,240,000 in sanctioned public funds.', 'Entity directly holds 1 project(s) totaling INR 4,990,000.']"
V000113,Contractor Company 000113,BANK000091,SYNDICATE_091,12,1,3800000,163240000,89.16,"['Shares bank account BANK000091 with 11 other registered contractors.', 'Belongs to SYNDICATE_091 (12 members) controlling 28 projects.', 'Contractor syndicate holds INR 163,240,000 in sanctioned public funds.', 'Entity directly holds 1 project(s) totaling INR 3,800,000.']"
V000160,Contractor Company 000160,BANK000058,SYNDICATE_058,15,5,30760000,167760000,89.08,"['Shares bank account BANK000058 with 14 other registered contractors.', 'Belongs to SYNDICATE_058 (15 members) controlling 30 projects.', 'Contractor syndicate holds INR 167,760,000 in sanctioned public funds.', 'Entity directly holds 5 project(s) totaling INR 30,760,000.']"
V000478,Contractor Company 000478,BANK000058,SYNDICATE_058,15,4,28600000,167760000,89.08,"['Shares bank account BANK000058 with 14 other registered contractors.', 'Belongs to SYNDICATE_058 (15 members) controlling 30 projects.', 'Contractor syndicate holds INR 167,760,000 in sanctioned public funds.', 'Entity directly holds 4 project(s) totaling INR 28,600,000.']"
V000525,Contractor Company 000525,BANK000058,SYNDICATE_058,15,4,22150000,167760000,89.08,"['Shares bank account BANK000058 with 14 other registered contractors.', 'Belongs to SYNDICATE_058 (15 members) controlling 30 projects.', 'Contractor syndicate holds INR 167,760,000 in sanctioned public funds.', 'Entity directly holds 4 project(s) totaling INR 22,150,000.']"
V000919,Contractor Company 000919,BANK000058,SYNDICATE_058,15,4,19630000,167760000,89.08,"['Shares bank account BANK000058 with 14 other registered contractors.', 'Belongs to SYNDICATE_058 (15 members) controlling 30 projects.', 'Contractor syndicate holds INR 167,760,000 in sanctioned public funds.', 'Entity directly holds 4 project(s) totaling INR 19,630,000.']"
V000468,Contractor Company 000468,BANK000058,SYNDICATE_058,15,2,12910000,167760000,89.08,"['Shares bank account BANK000058 with 14 other registered contractors.', 'Belongs to SYNDICATE_058 (15 members) controlling 30 projects.', 'Contractor syndicate holds INR 167,760,000 in sanctioned public funds.', 'Entity directly holds 2 project(s) totaling INR 12,910,000.']"
V000976,Contractor Company 000976,BANK000058,SYNDICATE_058,15,2,12740000,167760000,89.08,"['Shares bank account BANK000058 with 14 other registered contractors.', 'Belongs to SYNDICATE_058 (15 members) controlling 30 projects.', 'Contractor syndicate holds INR 167,760,000 in sanctioned public funds.', 'Entity directly holds 2 project(s) totaling INR 12,740,000.']"
V000612,Contractor Company 000612,BANK000058,SYNDICATE_058,15,2,11710000,167760000,89.08,"['Shares bank account BANK000058 with 14 other registered contractors.', 'Belongs to SYNDICATE_058 (15 members) controlling 30 projects.', 'Contractor syndicate holds INR 167,760,000 in sanctioned public funds.', 'Entity directly holds 2 project(s) totaling INR 11,710,000.']"
V000899,Contractor Company 000899,BANK000058,SYNDICATE_058,15,2,11330000,167760000,89.08,"['Shares bank account BANK000058 with 14 other registered contractors.', 'Belongs to SYNDICATE_058 (15 members) controlling 30 projects.', 'Contractor syndicate holds INR 167,760,000 in sanctioned public funds.', 'Entity directly holds 2 project(s) totaling INR 11,330,000.']"
V000470,Contractor Company 000470,BANK000058,SYNDICATE_058,15,3,10730000,167760000,89.08,"['Shares bank account BANK000058 with 14 other registered contractors.', 'Belongs to SYNDICATE_058 (15 members) controlling 30 projects.', 'Contractor syndicate holds INR 167,760,000 in sanctioned public funds.', 'Entity directly holds 3 project(s) totaling INR 10,730,000.']"
V000424,Contractor Company 000424,BANK000058,SYNDICATE_058,15,1,6070000,167760000,89.08,"['Shares bank account BANK000058 with 14 other registered contractors.', 'Belongs to SYNDICATE_058 (15 members) controlling 30 projects.', 'Contractor syndicate holds INR 167,760,000 in sanctioned public funds.', 'Entity directly holds 1 project(s) totaling INR 6,070,000.']"
V000323,Contractor Company 000323,BANK000058,SYNDICATE_058,15,1,1130000,167760000,89.08,"['Shares bank account BANK000058 with 14 other registered contractors.', 'Belongs to SYNDICATE_058 (15 members) controlling 30 projects.', 'Contractor syndicate holds INR 167,760,000 in sanctioned public funds.', 'Entity directly holds 1 project(s) totaling INR 1,130,000.']"
V000129,Contractor Company 000129,BANK000058,SYNDICATE_058,15,0,0,167760000,89.08,"['Shares bank account BANK000058 with 14 other registered contractors.', 'Belongs to SYNDICATE_058 (15 members) controlling 30 projects.', 'Contractor syndicate holds INR 167,760,000 in sanctioned public funds.', 'Entity directly holds 0 project(s) totaling INR 0.']"
V000222,Contractor Company 000222,BANK000058,SYNDICATE_058,15,0,0,167760000,89.08,"['Shares bank account BANK000058 with 14 other registered contractors.', 'Belongs to SYNDICATE_058 (15 members) controlling 30 projects.', 'Contractor syndicate holds INR 167,760,000 in sanctioned public funds.', 'Entity directly holds 0 project(s) totaling INR 0.']"
V000421,Contractor Company 000421,BANK000058,SYNDICATE_058,15,0,0,167760000,89.08,"['Shares bank account BANK000058 with 14 other registered contractors.', 'Belongs to SYNDICATE_058 (15 members) controlling 30 projects.', 'Contractor syndicate holds INR 167,760,000 in sanctioned public funds.', 'Entity directly holds 0 project(s) totaling INR 0.']"
V000523,Contractor Company 000523,BANK000058,SYNDICATE_058,15,0,0,167760000,89.08,"['Shares bank account BANK000058 with 14 other registered contractors.', 'Belongs to SYNDICATE_058 (15 members) controlling 30 projects.', 'Contractor syndicate holds INR 167,760,000 in sanctioned public funds.', 'Entity directly holds 0 project(s) totaling INR 0.']"
V000490,Contractor Company 000490,BANK000046,SYNDICATE_046,12,6,35710000,184090000,88.43,"['Shares bank account BANK000046 with 11 other registered contractors.', 'Belongs to SYNDICATE_046 (12 members) controlling 34 projects.', 'Contractor syndicate holds INR 184,090,000 in sanctioned public funds.', 'Entity directly holds 6 project(s) totaling INR 35,710,000.']"
V000811,Contractor Company 000811,BANK000046,SYNDICATE_046,12,5,31310000,184090000,88.43,"['Shares bank account BANK000046 with 11 other registered contractors.', 'Belongs to SYNDICATE_046 (12 members) controlling 34 projects.', 'Contractor syndicate holds INR 184,090,000 in sanctioned public funds.', 'Entity directly holds 5 project(s) totaling INR 31,310,000.']"
V000353,Contractor Company 000353,BANK000046,SYNDICATE_046,12,4,25350000,184090000,88.43,"['Shares bank account BANK000046 with 11 other registered contractors.', 'Belongs to SYNDICATE_046 (12 members) controlling 34 projects.', 'Contractor syndicate holds INR 184,090,000 in sanctioned public funds.', 'Entity directly holds 4 project(s) totaling INR 25,350,000.']"
V000004,Contractor Company 000004,BANK000046,SYNDICATE_046,12,4,23310000,184090000,88.43,"['Shares bank account BANK000046 with 11 other registered contractors.', 'Belongs to SYNDICATE_046 (12 members) controlling 34 projects.', 'Contractor syndicate holds INR 184,090,000 in sanctioned public funds.', 'Entity directly holds 4 project(s) totaling INR 23,310,000.']"
V000511,Contractor Company 000511,BANK000046,SYNDICATE_046,12,3,20950000,184090000,88.43,"['Shares bank account BANK000046 with 11 other registered contractors.', 'Belongs to SYNDICATE_046 (12 members) controlling 34 projects.', 'Contractor syndicate holds INR 184,090,000 in sanctioned public funds.', 'Entity directly holds 3 project(s) totaling INR 20,950,000.']"
V000646,Contractor Company 000646,BANK000046,SYNDICATE_046,12,5,13830000,184090000,88.43,"['Shares bank account BANK000046 with 11 other registered contractors.', 'Belongs to SYNDICATE_046 (12 members) controlling 34 projects.', 'Contractor syndicate holds INR 184,090,000 in sanctioned public funds.', 'Entity directly holds 5 project(s) totaling INR 13,830,000.']"
V000268,Contractor Company 000268,BANK000046,SYNDICATE_046,12,3,12790000,184090000,88.43,"['Shares bank account BANK000046 with 11 other registered contractors.', 'Belongs to SYNDICATE_046 (12 members) controlling 34 projects.', 'Contractor syndicate holds INR 184,090,000 in sanctioned public funds.', 'Entity directly holds 3 project(s) totaling INR 12,790,000.']"
V000318,Contractor Company 000318,BANK000046,SYNDICATE_046,12,1,9450000,184090000,88.43,"['Shares bank account BANK000046 with 11 other registered contractors.', 'Belongs to SYNDICATE_046 (12 members) controlling 34 projects.', 'Contractor syndicate holds INR 184,090,000 in sanctioned public funds.', 'Entity directly holds 1 project(s) totaling INR 9,450,000.']"
V000942,Contractor Company 000942,BANK000046,SYNDICATE_046,12,1,6210000,184090000,88.43,"['Shares bank account BANK000046 with 11 other registered contractors.', 'Belongs to SYNDICATE_046 (12 members) controlling 34 projects.', 'Contractor syndicate holds INR 184,090,000 in sanctioned public funds.', 'Entity directly holds 1 project(s) totaling INR 6,210,000.']"
V000929,Contractor Company 000929,BANK000046,SYNDICATE_046,12,2,5180000,184090000,88.43,"['Shares bank account BANK000046 with 11 other registered contractors.', 'Belongs to SYNDICATE_046 (12 members) controlling 34 projects.', 'Contractor syndicate holds INR 184,090,000 in sanctioned public funds.', 'Entity directly holds 2 project(s) totaling INR 5,180,000.']"
V000262,Contractor Company 000262,BANK000046,SYNDICATE_046,12,0,0,184090000,88.43,"['Shares bank account BANK000046 with 11 other registered contractors.', 'Belongs to SYNDICATE_046 (12 members) controlling 34 projects.', 'Contractor syndicate holds INR 184,090,000 in sanctioned public funds.', 'Entity directly holds 0 project(s) totaling INR 0.']"
V000351,Contractor Company 000351,BANK000046,SYNDICATE_046,12,0,0,184090000,88.43,"['Shares bank account BANK000046 with 11 other registered contractors.', 'Belongs to SYNDICATE_046 (12 members) controlling 34 projects.', 'Contractor syndicate holds INR 184,090,000 in sanctioned public funds.', 'Entity directly holds 0 project(s) totaling INR 0.']"
V000703,Contractor Company 000703,BANK000054,SYNDICATE_054,11,4,25720000,160040000,87.19,"['Shares bank account BANK000054 with 10 other registered contractors.', 'Belongs to SYNDICATE_054 (11 members) controlling 28 projects.', 'Contractor syndicate holds INR 160,040,000 in sanctioned public funds.', 'Entity directly holds 4 project(s) totaling INR 25,720,000.']"
V000579,Contractor Company 000579,BANK000054,SYNDICATE_054,11,4,25270000,160040000,87.19,"['Shares bank account BANK000054 with 10 other registered contractors.', 'Belongs to SYNDICATE_054 (11 members) controlling 28 projects.', 'Contractor syndicate holds INR 160,040,000 in sanctioned public funds.', 'Entity directly holds 4 project(s) totaling INR 25,270,000.']"
V000595,Contractor Company 000595,BANK000054,SYNDICATE_054,11,3,21370000,160040000,87.19,"['Shares bank account BANK000054 with 10 other registered contractors.', 'Belongs to SYNDICATE_054 (11 members) controlling 28 projects.', 'Contractor syndicate holds INR 160,040,000 in sanctioned public funds.', 'Entity directly holds 3 project(s) totaling INR 21,370,000.']"
V000070,Contractor Company 000070,BANK000054,SYNDICATE_054,11,4,20230000,160040000,87.19,"['Shares bank account BANK000054 with 10 other registered contractors.', 'Belongs to SYNDICATE_054 (11 members) controlling 28 projects.', 'Contractor syndicate holds INR 160,040,000 in sanctioned public funds.', 'Entity directly holds 4 project(s) totaling INR 20,230,000.']"
V000638,Contractor Company 000638,BANK000054,SYNDICATE_054,11,2,16340000,160040000,87.19,"['Shares bank account BANK000054 with 10 other registered contractors.', 'Belongs to SYNDICATE_054 (11 members) controlling 28 projects.', 'Contractor syndicate holds INR 160,040,000 in sanctioned public funds.', 'Entity directly holds 2 project(s) totaling INR 16,340,000.']"
V000491,Contractor Company 000491,BANK000054,SYNDICATE_054,11,3,14320000,160040000,87.19,"['Shares bank account BANK000054 with 10 other registered contractors.', 'Belongs to SYNDICATE_054 (11 members) controlling 28 projects.', 'Contractor syndicate holds INR 160,040,000 in sanctioned public funds.', 'Entity directly holds 3 project(s) totaling INR 14,320,000.']"
V000585,Contractor Company 000585,BANK000054,SYNDICATE_054,11,2,13890000,160040000,87.19,"['Shares bank account BANK000054 with 10 other registered contractors.', 'Belongs to SYNDICATE_054 (11 members) controlling 28 projects.', 'Contractor syndicate holds INR 160,040,000 in sanctioned public funds.', 'Entity directly holds 2 project(s) totaling INR 13,890,000.']"
V000762,Contractor Company 000762,BANK000054,SYNDICATE_054,11,2,11130000,160040000,87.19,"['Shares bank account BANK000054 with 10 other registered contractors.', 'Belongs to SYNDICATE_054 (11 members) controlling 28 projects.', 'Contractor syndicate holds INR 160,040,000 in sanctioned public funds.', 'Entity directly holds 2 project(s) totaling INR 11,130,000.']"
V000674,Contractor Company 000674,BANK000054,SYNDICATE_054,11,2,5750000,160040000,87.19,"['Shares bank account BANK000054 with 10 other registered contractors.', 'Belongs to SYNDICATE_054 (11 members) controlling 28 projects.', 'Contractor syndicate holds INR 160,040,000 in sanctioned public funds.', 'Entity directly holds 2 project(s) totaling INR 5,750,000.']"
V000111,Contractor Company 000111,BANK000054,SYNDICATE_054,11,1,3620000,160040000,87.19,"['Shares bank account BANK000054 with 10 other registered contractors.', 'Belongs to SYNDICATE_054 (11 members) controlling 28 projects.', 'Contractor syndicate holds INR 160,040,000 in sanctioned public funds.', 'Entity directly holds 1 project(s) totaling INR 3,620,000.']"
V000471,Contractor Company 000471,BANK000054,SYNDICATE_054,11,1,2400000,160040000,87.19,"['Shares bank account BANK000054 with 10 other registered contractors.', 'Belongs to SYNDICATE_054 (11 members) controlling 28 projects.', 'Contractor syndicate holds INR 160,040,000 in sanctioned public funds.', 'Entity directly holds 1 project(s) totaling INR 2,400,000.']"
V000445,Contractor Company 000445,BANK000044,SYNDICATE_044,11,4,22620000,149420000,85.87,"['Shares bank account BANK000044 with 10 other registered contractors.', 'Belongs to SYNDICATE_044 (11 members) controlling 29 projects.', 'Contractor syndicate holds INR 149,420,000 in sanctioned public funds.', 'Entity directly holds 4 project(s) totaling INR 22,620,000.']"
V000123,Contractor Company 000123,BANK000044,SYNDICATE_044,11,4,21900000,149420000,85.87,"['Shares bank account BANK000044 with 10 other registered contractors.', 'Belongs to SYNDICATE_044 (11 members) controlling 29 projects.', 'Contractor syndicate holds INR 149,420,000 in sanctioned public funds.', 'Entity directly holds 4 project(s) totaling INR 21,900,000.']"
V000625,Contractor Company 000625,BANK000044,SYNDICATE_044,11,3,19210000,149420000,85.87,"['Shares bank account BANK000044 with 10 other registered contractors.', 'Belongs to SYNDICATE_044 (11 members) controlling 29 projects.', 'Contractor syndicate holds INR 149,420,000 in sanctioned public funds.', 'Entity directly holds 3 project(s) totaling INR 19,210,000.']"
V000515,Contractor Company 000515,BANK000044,SYNDICATE_044,11,4,18950000,149420000,85.87,"['Shares bank account BANK000044 with 10 other registered contractors.', 'Belongs to SYNDICATE_044 (11 members) controlling 29 projects.', 'Contractor syndicate holds INR 149,420,000 in sanctioned public funds.', 'Entity directly holds 4 project(s) totaling INR 18,950,000.']"
V000911,Contractor Company 000911,BANK000044,SYNDICATE_044,11,4,18650000,149420000,85.87,"['Shares bank account BANK000044 with 10 other registered contractors.', 'Belongs to SYNDICATE_044 (11 members) controlling 29 projects.', 'Contractor syndicate holds INR 149,420,000 in sanctioned public funds.', 'Entity directly holds 4 project(s) totaling INR 18,650,000.']"
V000363,Contractor Company 000363,BANK000044,SYNDICATE_044,11,2,13730000,149420000,85.87,"['Shares bank account BANK000044 with 10 other registered contractors.', 'Belongs to SYNDICATE_044 (11 members) controlling 29 projects.', 'Contractor syndicate holds INR 149,420,000 in sanctioned public funds.', 'Entity directly holds 2 project(s) totaling INR 13,730,000.']"
V000425,Contractor Company 000425,BANK000044,SYNDICATE_044,11,2,12910000,149420000,85.87,"['Shares bank account BANK000044 with 10 other registered contractors.', 'Belongs to SYNDICATE_044 (11 members) controlling 29 projects.', 'Contractor syndicate holds INR 149,420,000 in sanctioned public funds.', 'Entity directly holds 2 project(s) totaling INR 12,910,000.']"
V000369,Contractor Company 000369,BANK000044,SYNDICATE_044,11,3,12450000,149420000,85.87,"['Shares bank account BANK000044 with 10 other registered contractors.', 'Belongs to SYNDICATE_044 (11 members) controlling 29 projects.', 'Contractor syndicate holds INR 149,420,000 in sanctioned public funds.', 'Entity directly holds 3 project(s) totaling INR 12,450,000.']"
V000089,Contractor Company 000089,BANK000044,SYNDICATE_044,11,1,4060000,149420000,85.87,"['Shares bank account BANK000044 with 10 other registered contractors.', 'Belongs to SYNDICATE_044 (11 members) controlling 29 projects.', 'Contractor syndicate holds INR 149,420,000 in sanctioned public funds.', 'Entity directly holds 1 project(s) totaling INR 4,060,000.']"
V000120,Contractor Company 000120,BANK000044,SYNDICATE_044,11,1,2950000,149420000,85.87,"['Shares bank account BANK000044 with 10 other registered contractors.', 'Belongs to SYNDICATE_044 (11 members) controlling 29 projects.', 'Contractor syndicate holds INR 149,420,000 in sanctioned public funds.', 'Entity directly holds 1 project(s) totaling INR 2,950,000.']"
V000502,Contractor Company 000502,BANK000044,SYNDICATE_044,11,1,1990000,149420000,85.87,"['Shares bank account BANK000044 with 10 other registered contractors.', 'Belongs to SYNDICATE_044 (11 members) controlling 29 projects.', 'Contractor syndicate holds INR 149,420,000 in sanctioned public funds.', 'Entity directly holds 1 project(s) totaling INR 1,990,000.']"
V000676,Contractor Company 000676,BANK000096,SYNDICATE_096,11,4,31860000,163330000,85.79,"['Shares bank account BANK000096 with 10 other registered contractors.', 'Belongs to SYNDICATE_096 (11 members) controlling 27 projects.', 'Contractor syndicate holds INR 163,330,000 in sanctioned public funds.', 'Entity directly holds 4 project(s) totaling INR 31,860,000.']"
V000367,Contractor Company 000367,BANK000096,SYNDICATE_096,11,4,23980000,163330000,85.79,"['Shares bank account BANK000096 with 10 other registered contractors.', 'Belongs to SYNDICATE_096 (11 members) controlling 27 projects.', 'Contractor syndicate holds INR 163,330,000 in sanctioned public funds.', 'Entity directly holds 4 project(s) totaling INR 23,980,000.']"
V000139,Contractor Company 000139,BANK000096,SYNDICATE_096,11,4,19150000,163330000,85.79,"['Shares bank account BANK000096 with 10 other registered contractors.', 'Belongs to SYNDICATE_096 (11 members) controlling 27 projects.', 'Contractor syndicate holds INR 163,330,000 in sanctioned public funds.', 'Entity directly holds 4 project(s) totaling INR 19,150,000.']"
V000279,Contractor Company 000279,BANK000096,SYNDICATE_096,11,3,17740000,163330000,85.79,"['Shares bank account BANK000096 with 10 other registered contractors.', 'Belongs to SYNDICATE_096 (11 members) controlling 27 projects.', 'Contractor syndicate holds INR 163,330,000 in sanctioned public funds.', 'Entity directly holds 3 project(s) totaling INR 17,740,000.']"
V000242,Contractor Company 000242,BANK000096,SYNDICATE_096,11,3,14100000,163330000,85.79,"['Shares bank account BANK000096 with 10 other registered contractors.', 'Belongs to SYNDICATE_096 (11 members) controlling 27 projects.', 'Contractor syndicate holds INR 163,330,000 in sanctioned public funds.', 'Entity directly holds 3 project(s) totaling INR 14,100,000.']"
V000514,Contractor Company 000514,BANK000096,SYNDICATE_096,11,2,13100000,163330000,85.79,"['Shares bank account BANK000096 with 10 other registered contractors.', 'Belongs to SYNDICATE_096 (11 members) controlling 27 projects.', 'Contractor syndicate holds INR 163,330,000 in sanctioned public funds.', 'Entity directly holds 2 project(s) totaling INR 13,100,000.']"
V000702,Contractor Company 000702,BANK000096,SYNDICATE_096,11,2,12910000,163330000,85.79,"['Shares bank account BANK000096 with 10 other registered contractors.', 'Belongs to SYNDICATE_096 (11 members) controlling 27 projects.', 'Contractor syndicate holds INR 163,330,000 in sanctioned public funds.', 'Entity directly holds 2 project(s) totaling INR 12,910,000.']"
V000177,Contractor Company 000177,BANK000096,SYNDICATE_096,11,2,12610000,163330000,85.79,"['Shares bank account BANK000096 with 10 other registered contractors.', 'Belongs to SYNDICATE_096 (11 members) controlling 27 projects.', 'Contractor syndicate holds INR 163,330,000 in sanctioned public funds.', 'Entity directly holds 2 project(s) totaling INR 12,610,000.']"
V000092,Contractor Company 000092,BANK000096,SYNDICATE_096,11,2,11570000,163330000,85.79,"['Shares bank account BANK000096 with 10 other registered contractors.', 'Belongs to SYNDICATE_096 (11 members) controlling 27 projects.', 'Contractor syndicate holds INR 163,330,000 in sanctioned public funds.', 'Entity directly holds 2 project(s) totaling INR 11,570,000.']"
V000060,Contractor Company 000060,BANK000096,SYNDICATE_096,11,1,6310000,163330000,85.79,"['Shares bank account BANK000096 with 10 other registered contractors.', 'Belongs to SYNDICATE_096 (11 members) controlling 27 projects.', 'Contractor syndicate holds INR 163,330,000 in sanctioned public funds.', 'Entity directly holds 1 project(s) totaling INR 6,310,000.']"
V000720,Contractor Company 000720,BANK000096,SYNDICATE_096,11,0,0,163330000,85.79,"['Shares bank account BANK000096 with 10 other registered contractors.', 'Belongs to SYNDICATE_096 (11 members) controlling 27 projects.', 'Contractor syndicate holds INR 163,330,000 in sanctioned public funds.', 'Entity directly holds 0 project(s) totaling INR 0.']"
V000170,Contractor Company 000170,BANK000037,SYNDICATE_037,12,4,22120000,144200000,85.1,"['Shares bank account BANK000037 with 11 other registered contractors.', 'Belongs to SYNDICATE_037 (12 members) controlling 27 projects.', 'Contractor syndicate holds INR 144,200,000 in sanctioned public funds.', 'Entity directly holds 4 project(s) totaling INR 22,120,000.']"
V000065,Contractor Company 000065,BANK000037,SYNDICATE_037,12,3,21110000,144200000,85.1,"['Shares bank account BANK000037 with 11 other registered contractors.', 'Belongs to SYNDICATE_037 (12 members) controlling 27 projects.', 'Contractor syndicate holds INR 144,200,000 in sanctioned public funds.', 'Entity directly holds 3 project(s) totaling INR 21,110,000.']"
V000985,Contractor Company 000985,BANK000037,SYNDICATE_037,12,3,16390000,144200000,85.1,"['Shares bank account BANK000037 with 11 other registered contractors.', 'Belongs to SYNDICATE_037 (12 members) controlling 27 projects.', 'Contractor syndicate holds INR 144,200,000 in sanctioned public funds.', 'Entity directly holds 3 project(s) totaling INR 16,390,000.']"
V000220,Contractor Company 000220,BANK000037,SYNDICATE_037,12,3,15380000,144200000,85.1,"['Shares bank account BANK000037 with 11 other registered contractors.', 'Belongs to SYNDICATE_037 (12 members) controlling 27 projects.', 'Contractor syndicate holds INR 144,200,000 in sanctioned public funds.', 'Entity directly holds 3 project(s) totaling INR 15,380,000.']"
V000042,Contractor Company 000042,BANK000037,SYNDICATE_037,12,2,14670000,144200000,85.1,"['Shares bank account BANK000037 with 11 other registered contractors.', 'Belongs to SYNDICATE_037 (12 members) controlling 27 projects.', 'Contractor syndicate holds INR 144,200,000 in sanctioned public funds.', 'Entity directly holds 2 project(s) totaling INR 14,670,000.']"
V000940,Contractor Company 000940,BANK000037,SYNDICATE_037,12,3,14570000,144200000,85.1,"['Shares bank account BANK000037 with 11 other registered contractors.', 'Belongs to SYNDICATE_037 (12 members) controlling 27 projects.', 'Contractor syndicate holds INR 144,200,000 in sanctioned public funds.', 'Entity directly holds 3 project(s) totaling INR 14,570,000.']"
V000352,Contractor Company 000352,BANK000037,SYNDICATE_037,12,2,10860000,144200000,85.1,"['Shares bank account BANK000037 with 11 other registered contractors.', 'Belongs to SYNDICATE_037 (12 members) controlling 27 projects.', 'Contractor syndicate holds INR 144,200,000 in sanctioned public funds.', 'Entity directly holds 2 project(s) totaling INR 10,860,000.']"
V000149,Contractor Company 000149,BANK000037,SYNDICATE_037,12,1,9220000,144200000,85.1,"['Shares bank account BANK000037 with 11 other registered contractors.', 'Belongs to SYNDICATE_037 (12 members) controlling 27 projects.', 'Contractor syndicate holds INR 144,200,000 in sanctioned public funds.', 'Entity directly holds 1 project(s) totaling INR 9,220,000.']"
V000205,Contractor Company 000205,BANK000037,SYNDICATE_037,12,1,7140000,144200000,85.1,"['Shares bank account BANK000037 with 11 other registered contractors.', 'Belongs to SYNDICATE_037 (12 members) controlling 27 projects.', 'Contractor syndicate holds INR 144,200,000 in sanctioned public funds.', 'Entity directly holds 1 project(s) totaling INR 7,140,000.']"
V000679,Contractor Company 000679,BANK000037,SYNDICATE_037,12,2,6510000,144200000,85.1,"['Shares bank account BANK000037 with 11 other registered contractors.', 'Belongs to SYNDICATE_037 (12 members) controlling 27 projects.', 'Contractor syndicate holds INR 144,200,000 in sanctioned public funds.', 'Entity directly holds 2 project(s) totaling INR 6,510,000.']"
V000806,Contractor Company 000806,BANK000037,SYNDICATE_037,12,3,6230000,144200000,85.1,"['Shares bank account BANK000037 with 11 other registered contractors.', 'Belongs to SYNDICATE_037 (12 members) controlling 27 projects.', 'Contractor syndicate holds INR 144,200,000 in sanctioned public funds.', 'Entity directly holds 3 project(s) totaling INR 6,230,000.']"
V000430,Contractor Company 000430,BANK000037,SYNDICATE_037,12,0,0,144200000,85.1,"['Shares bank account BANK000037 with 11 other registered contractors.', 'Belongs to SYNDICATE_037 (12 members) controlling 27 projects.', 'Contractor syndicate holds INR 144,200,000 in sanctioned public funds.', 'Entity directly holds 0 project(s) totaling INR 0.']"
V000180,Contractor Company 000180,BANK000035,SYNDICATE_035,13,6,38650000,142230000,85.01,"['Shares bank account BANK000035 with 12 other registered contractors.', 'Belongs to SYNDICATE_035 (13 members) controlling 27 projects.', 'Contractor syndicate holds INR 142,230,000 in sanctioned public funds.', 'Entity directly holds 6 project(s) totaling INR 38,650,000.']"
V000681,Contractor Company 000681,BANK000035,SYNDICATE_035,13,4,27730000,142230000,85.01,"['Shares bank account BANK000035 with 12 other registered contractors.', 'Belongs to SYNDICATE_035 (13 members) controlling 27 projects.', 'Contractor syndicate holds INR 142,230,000 in sanctioned public funds.', 'Entity directly holds 4 project(s) totaling INR 27,730,000.']"
V000079,Contractor Company 000079,BANK000035,SYNDICATE_035,13,3,20830000,142230000,85.01,"['Shares bank account BANK000035 with 12 other registered contractors.', 'Belongs to SYNDICATE_035 (13 members) controlling 27 projects.', 'Contractor syndicate holds INR 142,230,000 in sanctioned public funds.', 'Entity directly holds 3 project(s) totaling INR 20,830,000.']"
V000592,Contractor Company 000592,BANK000035,SYNDICATE_035,13,4,13670000,142230000,85.01,"['Shares bank account BANK000035 with 12 other registered contractors.', 'Belongs to SYNDICATE_035 (13 members) controlling 27 projects.', 'Contractor syndicate holds INR 142,230,000 in sanctioned public funds.', 'Entity directly holds 4 project(s) totaling INR 13,670,000.']"
V000136,Contractor Company 000136,BANK000035,SYNDICATE_035,13,2,12550000,142230000,85.01,"['Shares bank account BANK000035 with 12 other registered contractors.', 'Belongs to SYNDICATE_035 (13 members) controlling 27 projects.', 'Contractor syndicate holds INR 142,230,000 in sanctioned public funds.', 'Entity directly holds 2 project(s) totaling INR 12,550,000.']"
V000204,Contractor Company 000204,BANK000035,SYNDICATE_035,13,2,10500000,142230000,85.01,"['Shares bank account BANK000035 with 12 other registered contractors.', 'Belongs to SYNDICATE_035 (13 members) controlling 27 projects.', 'Contractor syndicate holds INR 142,230,000 in sanctioned public funds.', 'Entity directly holds 2 project(s) totaling INR 10,500,000.']"
V000844,Contractor Company 000844,BANK000035,SYNDICATE_035,13,2,6790000,142230000,85.01,"['Shares bank account BANK000035 with 12 other registered contractors.', 'Belongs to SYNDICATE_035 (13 members) controlling 27 projects.', 'Contractor syndicate holds INR 142,230,000 in sanctioned public funds.', 'Entity directly holds 2 project(s) totaling INR 6,790,000.']"
V000376,Contractor Company 000376,BANK000035,SYNDICATE_035,13,1,3840000,142230000,85.01,"['Shares bank account BANK000035 with 12 other registered contractors.', 'Belongs to SYNDICATE_035 (13 members) controlling 27 projects.', 'Contractor syndicate holds INR 142,230,000 in sanctioned public funds.', 'Entity directly holds 1 project(s) totaling INR 3,840,000.']"
V000768,Contractor Company 000768,BANK000035,SYNDICATE_035,13,1,3560000,142230000,85.01,"['Shares bank account BANK000035 with 12 other registered contractors.', 'Belongs to SYNDICATE_035 (13 members) controlling 27 projects.', 'Contractor syndicate holds INR 142,230,000 in sanctioned public funds.', 'Entity directly holds 1 project(s) totaling INR 3,560,000.']"
V000659,Contractor Company 000659,BANK000035,SYNDICATE_035,13,1,3050000,142230000,85.01,"['Shares bank account BANK000035 with 12 other registered contractors.', 'Belongs to SYNDICATE_035 (13 members) controlling 27 projects.', 'Contractor syndicate holds INR 142,230,000 in sanctioned public funds.', 'Entity directly holds 1 project(s) totaling INR 3,050,000.']"
V000117,Contractor Company 000117,BANK000035,SYNDICATE_035,13,1,1060000,142230000,85.01,"['Shares bank account BANK000035 with 12 other registered contractors.', 'Belongs to SYNDICATE_035 (13 members) controlling 27 projects.', 'Contractor syndicate holds INR 142,230,000 in sanctioned public funds.', 'Entity directly holds 1 project(s) totaling INR 1,060,000.']"
V000512,Contractor Company 000512,BANK000035,SYNDICATE_035,13,0,0,142230000,85.01,"['Shares bank account BANK000035 with 12 other registered contractors.', 'Belongs to SYNDICATE_035 (13 members) controlling 27 projects.', 'Contractor syndicate holds INR 142,230,000 in sanctioned public funds.', 'Entity directly holds 0 project(s) totaling INR 0.']"
V000861,Contractor Company 000861,BANK000035,SYNDICATE_035,13,0,0,142230000,85.01,"['Shares bank account BANK000035 with 12 other registered contractors.', 'Belongs to SYNDICATE_035 (13 members) controlling 27 projects.', 'Contractor syndicate holds INR 142,230,000 in sanctioned public funds.', 'Entity directly holds 0 project(s) totaling INR 0.']"
V000696,Contractor Company 000696,BANK000040,SYNDICATE_040,11,5,34970000,153720000,84.58,"['Shares bank account BANK000040 with 10 other registered contractors.', 'Belongs to SYNDICATE_040 (11 members) controlling 24 projects.', 'Contractor syndicate holds INR 153,720,000 in sanctioned public funds.', 'Entity directly holds 5 project(s) totaling INR 34,970,000.']"
V000779,Contractor Company 000779,BANK000040,SYNDICATE_040,11,5,34790000,153720000,84.58,"['Shares bank account BANK000040 with 10 other registered contractors.', 'Belongs to SYNDICATE_040 (11 members) controlling 24 projects.', 'Contractor syndicate holds INR 153,720,000 in sanctioned public funds.', 'Entity directly holds 5 project(s) totaling INR 34,790,000.']"
V000438,Contractor Company 000438,BANK000040,SYNDICATE_040,11,3,21740000,153720000,84.58,"['Shares bank account BANK000040 with 10 other registered contractors.', 'Belongs to SYNDICATE_040 (11 members) controlling 24 projects.', 'Contractor syndicate holds INR 153,720,000 in sanctioned public funds.', 'Entity directly holds 3 project(s) totaling INR 21,740,000.']"
V000533,Contractor Company 000533,BANK000050,SYNDICATE_050,15,3,19220000,121090000,84.58,"['Shares bank account BANK000050 with 14 other registered contractors.', 'Belongs to SYNDICATE_050 (15 members) controlling 21 projects.', 'Contractor syndicate holds INR 121,090,000 in sanctioned public funds.', 'Entity directly holds 3 project(s) totaling INR 19,220,000.']"
V000227,Contractor Company 000227,BANK000050,SYNDICATE_050,15,2,18290000,121090000,84.58,"['Shares bank account BANK000050 with 14 other registered contractors.', 'Belongs to SYNDICATE_050 (15 members) controlling 21 projects.', 'Contractor syndicate holds INR 121,090,000 in sanctioned public funds.', 'Entity directly holds 2 project(s) totaling INR 18,290,000.']"
V000905,Contractor Company 000905,BANK000040,SYNDICATE_040,11,2,14060000,153720000,84.58,"['Shares bank account BANK000040 with 10 other registered contractors.', 'Belongs to SYNDICATE_040 (11 members) controlling 24 projects.', 'Contractor syndicate holds INR 153,720,000 in sanctioned public funds.', 'Entity directly holds 2 project(s) totaling INR 14,060,000.']"
V000103,Contractor Company 000103,BANK000040,SYNDICATE_040,11,2,13240000,153720000,84.58,"['Shares bank account BANK000040 with 10 other registered contractors.', 'Belongs to SYNDICATE_040 (11 members) controlling 24 projects.', 'Contractor syndicate holds INR 153,720,000 in sanctioned public funds.', 'Entity directly holds 2 project(s) totaling INR 13,240,000.']"
V000260,Contractor Company 000260,BANK000050,SYNDICATE_050,15,2,12890000,121090000,84.58,"['Shares bank account BANK000050 with 14 other registered contractors.', 'Belongs to SYNDICATE_050 (15 members) controlling 21 projects.', 'Contractor syndicate holds INR 121,090,000 in sanctioned public funds.', 'Entity directly holds 2 project(s) totaling INR 12,890,000.']"
V000073,Contractor Company 000073,BANK000050,SYNDICATE_050,15,2,12550000,121090000,84.58,"['Shares bank account BANK000050 with 14 other registered contractors.', 'Belongs to SYNDICATE_050 (15 members) controlling 21 projects.', 'Contractor syndicate holds INR 121,090,000 in sanctioned public funds.', 'Entity directly holds 2 project(s) totaling INR 12,550,000.']"
V000832,Contractor Company 000832,BANK000050,SYNDICATE_050,15,2,10840000,121090000,84.58,"['Shares bank account BANK000050 with 14 other registered contractors.', 'Belongs to SYNDICATE_050 (15 members) controlling 21 projects.', 'Contractor syndicate holds INR 121,090,000 in sanctioned public funds.', 'Entity directly holds 2 project(s) totaling INR 10,840,000.']"
V000508,Contractor Company 000508,BANK000040,SYNDICATE_040,11,2,10820000,153720000,84.58,"['Shares bank account BANK000040 with 10 other registered contractors.', 'Belongs to SYNDICATE_040 (11 members) controlling 24 projects.', 'Contractor syndicate holds INR 153,720,000 in sanctioned public funds.', 'Entity directly holds 2 project(s) totaling INR 10,820,000.']"
V000473,Contractor Company 000473,BANK000050,SYNDICATE_050,15,1,9040000,121090000,84.58,"['Shares bank account BANK000050 with 14 other registered contractors.', 'Belongs to SYNDICATE_050 (15 members) controlling 21 projects.', 'Contractor syndicate holds INR 121,090,000 in sanctioned public funds.', 'Entity directly holds 1 project(s) totaling INR 9,040,000.']"
V000831,Contractor Company 000831,BANK000050,SYNDICATE_050,15,2,8360000,121090000,84.58,"['Shares bank account BANK000050 with 14 other registered contractors.', 'Belongs to SYNDICATE_050 (15 members) controlling 21 projects.', 'Contractor syndicate holds INR 121,090,000 in sanctioned public funds.', 'Entity directly holds 2 project(s) totaling INR 8,360,000.']"
V000012,Contractor Company 000012,BANK000040,SYNDICATE_040,11,1,8150000,153720000,84.58,"['Shares bank account BANK000040 with 10 other registered contractors.', 'Belongs to SYNDICATE_040 (11 members) controlling 24 projects.', 'Contractor syndicate holds INR 153,720,000 in sanctioned public funds.', 'Entity directly holds 1 project(s) totaling INR 8,150,000.']"
V000216,Contractor Company 000216,BANK000050,SYNDICATE_050,15,1,7850000,121090000,84.58,"['Shares bank account BANK000050 with 14 other registered contractors.', 'Belongs to SYNDICATE_050 (15 members) controlling 21 projects.', 'Contractor syndicate holds INR 121,090,000 in sanctioned public funds.', 'Entity directly holds 1 project(s) totaling INR 7,850,000.']"
V000495,Contractor Company 000495,BANK000050,SYNDICATE_050,15,2,7590000,121090000,84.58,"['Shares bank account BANK000050 with 14 other registered contractors.', 'Belongs to SYNDICATE_050 (15 members) controlling 21 projects.', 'Contractor syndicate holds INR 121,090,000 in sanctioned public funds.', 'Entity directly holds 2 project(s) totaling INR 7,590,000.']"
V000023,Contractor Company 000023,BANK000050,SYNDICATE_050,15,1,7480000,121090000,84.58,"['Shares bank account BANK000050 with 14 other registered contractors.', 'Belongs to SYNDICATE_050 (15 members) controlling 21 projects.', 'Contractor syndicate holds INR 121,090,000 in sanctioned public funds.', 'Entity directly holds 1 project(s) totaling INR 7,480,000.']"
V000370,Contractor Company 000370,BANK000040,SYNDICATE_040,11,2,6180000,153720000,84.58,"['Shares bank account BANK000040 with 10 other registered contractors.', 'Belongs to SYNDICATE_040 (11 members) controlling 24 projects.', 'Contractor syndicate holds INR 153,720,000 in sanctioned public funds.', 'Entity directly holds 2 project(s) totaling INR 6,180,000.']"
V000444,Contractor Company 000444,BANK000040,SYNDICATE_040,11,1,5940000,153720000,84.58,"['Shares bank account BANK000040 with 10 other registered contractors.', 'Belongs to SYNDICATE_040 (11 members) controlling 24 projects.', 'Contractor syndicate holds INR 153,720,000 in sanctioned public funds.', 'Entity directly holds 1 project(s) totaling INR 5,940,000.']"
V000927,Contractor Company 000927,BANK000050,SYNDICATE_050,15,1,5460000,121090000,84.58,"['Shares bank account BANK000050 with 14 other registered contractors.', 'Belongs to SYNDICATE_050 (15 members) controlling 21 projects.', 'Contractor syndicate holds INR 121,090,000 in sanctioned public funds.', 'Entity directly holds 1 project(s) totaling INR 5,460,000.']"
V000599,Contractor Company 000599,BANK000040,SYNDICATE_040,11,1,3830000,153720000,84.58,"['Shares bank account BANK000040 with 10 other registered contractors.', 'Belongs to SYNDICATE_040 (11 members) controlling 24 projects.', 'Contractor syndicate holds INR 153,720,000 in sanctioned public funds.', 'Entity directly holds 1 project(s) totaling INR 3,830,000.']"
V000920,Contractor Company 000920,BANK000050,SYNDICATE_050,15,2,1520000,121090000,84.58,"['Shares bank account BANK000050 with 14 other registered contractors.', 'Belongs to SYNDICATE_050 (15 members) controlling 21 projects.', 'Contractor syndicate holds INR 121,090,000 in sanctioned public funds.', 'Entity directly holds 2 project(s) totaling INR 1,520,000.']"
V000558,Contractor Company 000558,BANK000040,SYNDICATE_040,11,0,0,153720000,84.58,"['Shares bank account BANK000040 with 10 other registered contractors.', 'Belongs to SYNDICATE_040 (11 members) controlling 24 projects.', 'Contractor syndicate holds INR 153,720,000 in sanctioned public funds.', 'Entity directly holds 0 project(s) totaling INR 0.']"
V000691,Contractor Company 000691,BANK000050,SYNDICATE_050,15,0,0,121090000,84.58,"['Shares bank account BANK000050 with 14 other registered contractors.', 'Belongs to SYNDICATE_050 (15 members) controlling 21 projects.', 'Contractor syndicate holds INR 121,090,000 in sanctioned public funds.', 'Entity directly holds 0 project(s) totaling INR 0.']"
V000855,Contractor Company 000855,BANK000050,SYNDICATE_050,15,0,0,121090000,84.58,"['Shares bank account BANK000050 with 14 other registered contractors.', 'Belongs to SYNDICATE_050 (15 members) controlling 21 projects.', 'Contractor syndicate holds INR 121,090,000 in sanctioned public funds.', 'Entity directly holds 0 project(s) totaling INR 0.']"
V000937,Contractor Company 000937,BANK000050,SYNDICATE_050,15,0,0,121090000,84.58,"['Shares bank account BANK000050 with 14 other registered contractors.', 'Belongs to SYNDICATE_050 (15 members) controlling 21 projects.', 'Contractor syndicate holds INR 121,090,000 in sanctioned public funds.', 'Entity directly holds 0 project(s) totaling INR 0.']"
V000916,Contractor Company 000916,BANK000081,SYNDICATE_081,10,6,31430000,149180000,84.27,"['Shares bank account BANK000081 with 9 other registered contractors.', 'Belongs to SYNDICATE_081 (10 members) controlling 30 projects.', 'Contractor syndicate holds INR 149,180,000 in sanctioned public funds.', 'Entity directly holds 6 project(s) totaling INR 31,430,000.']"
V000411,Contractor Company 000411,BANK000081,SYNDICATE_081,10,6,28200000,149180000,84.27,"['Shares bank account BANK000081 with 9 other registered contractors.', 'Belongs to SYNDICATE_081 (10 members) controlling 30 projects.', 'Contractor syndicate holds INR 149,180,000 in sanctioned public funds.', 'Entity directly holds 6 project(s) totaling INR 28,200,000.']"
V000063,Contractor Company 000063,BANK000081,SYNDICATE_081,10,4,16650000,149180000,84.27,"['Shares bank account BANK000081 with 9 other registered contractors.', 'Belongs to SYNDICATE_081 (10 members) controlling 30 projects.', 'Contractor syndicate holds INR 149,180,000 in sanctioned public funds.', 'Entity directly holds 4 project(s) totaling INR 16,650,000.']"
V000487,Contractor Company 000487,BANK000081,SYNDICATE_081,10,2,15180000,149180000,84.27,"['Shares bank account BANK000081 with 9 other registered contractors.', 'Belongs to SYNDICATE_081 (10 members) controlling 30 projects.', 'Contractor syndicate holds INR 149,180,000 in sanctioned public funds.', 'Entity directly holds 2 project(s) totaling INR 15,180,000.']"
V000241,Contractor Company 000241,BANK000081,SYNDICATE_081,10,2,13060000,149180000,84.27,"['Shares bank account BANK000081 with 9 other registered contractors.', 'Belongs to SYNDICATE_081 (10 members) controlling 30 projects.', 'Contractor syndicate holds INR 149,180,000 in sanctioned public funds.', 'Entity directly holds 2 project(s) totaling INR 13,060,000.']"
V000634,Contractor Company 000634,BANK000081,SYNDICATE_081,10,3,12900000,149180000,84.27,"['Shares bank account BANK000081 with 9 other registered contractors.', 'Belongs to SYNDICATE_081 (10 members) controlling 30 projects.', 'Contractor syndicate holds INR 149,180,000 in sanctioned public funds.', 'Entity directly holds 3 project(s) totaling INR 12,900,000.']"
V000154,Contractor Company 000154,BANK000081,SYNDICATE_081,10,2,11800000,149180000,84.27,"['Shares bank account BANK000081 with 9 other registered contractors.', 'Belongs to SYNDICATE_081 (10 members) controlling 30 projects.', 'Contractor syndicate holds INR 149,180,000 in sanctioned public funds.', 'Entity directly holds 2 project(s) totaling INR 11,800,000.']"
V000270,Contractor Company 000270,BANK000081,SYNDICATE_081,10,3,11290000,149180000,84.27,"['Shares bank account BANK000081 with 9 other registered contractors.', 'Belongs to SYNDICATE_081 (10 members) controlling 30 projects.', 'Contractor syndicate holds INR 149,180,000 in sanctioned public funds.', 'Entity directly holds 3 project(s) totaling INR 11,290,000.']"
V000975,Contractor Company 000975,BANK000081,SYNDICATE_081,10,1,6910000,149180000,84.27,"['Shares bank account BANK000081 with 9 other registered contractors.', 'Belongs to SYNDICATE_081 (10 members) controlling 30 projects.', 'Contractor syndicate holds INR 149,180,000 in sanctioned public funds.', 'Entity directly holds 1 project(s) totaling INR 6,910,000.']"
V000172,Contractor Company 000172,BANK000081,SYNDICATE_081,10,1,1760000,149180000,84.27,"['Shares bank account BANK000081 with 9 other registered contractors.', 'Belongs to SYNDICATE_081 (10 members) controlling 30 projects.', 'Contractor syndicate holds INR 149,180,000 in sanctioned public funds.', 'Entity directly holds 1 project(s) totaling INR 1,760,000.']"
V000458,Contractor Company 000458,BANK000061,SYNDICATE_061,10,4,28180000,142950000,83.49,"['Shares bank account BANK000061 with 9 other registered contractors.', 'Belongs to SYNDICATE_061 (10 members) controlling 25 projects.', 'Contractor syndicate holds INR 142,950,000 in sanctioned public funds.', 'Entity directly holds 4 project(s) totaling INR 28,180,000.']"
V000824,Contractor Company 000824,BANK000061,SYNDICATE_061,10,4,24380000,142950000,83.49,"['Shares bank account BANK000061 with 9 other registered contractors.', 'Belongs to SYNDICATE_061 (10 members) controlling 25 projects.', 'Contractor syndicate holds INR 142,950,000 in sanctioned public funds.', 'Entity directly holds 4 project(s) totaling INR 24,380,000.']"
V000627,Contractor Company 000627,BANK000061,SYNDICATE_061,10,2,18970000,142950000,83.49,"['Shares bank account BANK000061 with 9 other registered contractors.', 'Belongs to SYNDICATE_061 (10 members) controlling 25 projects.', 'Contractor syndicate holds INR 142,950,000 in sanctioned public funds.', 'Entity directly holds 2 project(s) totaling INR 18,970,000.']"
V000620,Contractor Company 000620,BANK000061,SYNDICATE_061,10,3,16130000,142950000,83.49,"['Shares bank account BANK000061 with 9 other registered contractors.', 'Belongs to SYNDICATE_061 (10 members) controlling 25 projects.', 'Contractor syndicate holds INR 142,950,000 in sanctioned public funds.', 'Entity directly holds 3 project(s) totaling INR 16,130,000.']"
V000191,Contractor Company 000191,BANK000061,SYNDICATE_061,10,2,14500000,142950000,83.49,"['Shares bank account BANK000061 with 9 other registered contractors.', 'Belongs to SYNDICATE_061 (10 members) controlling 25 projects.', 'Contractor syndicate holds INR 142,950,000 in sanctioned public funds.', 'Entity directly holds 2 project(s) totaling INR 14,500,000.']"
V000047,Contractor Company 000047,BANK000061,SYNDICATE_061,10,2,11500000,142950000,83.49,"['Shares bank account BANK000061 with 9 other registered contractors.', 'Belongs to SYNDICATE_061 (10 members) controlling 25 projects.', 'Contractor syndicate holds INR 142,950,000 in sanctioned public funds.', 'Entity directly holds 2 project(s) totaling INR 11,500,000.']"
V000236,Contractor Company 000236,BANK000061,SYNDICATE_061,10,3,10140000,142950000,83.49,"['Shares bank account BANK000061 with 9 other registered contractors.', 'Belongs to SYNDICATE_061 (10 members) controlling 25 projects.', 'Contractor syndicate holds INR 142,950,000 in sanctioned public funds.', 'Entity directly holds 3 project(s) totaling INR 10,140,000.']"
V000477,Contractor Company 000477,BANK000061,SYNDICATE_061,10,2,9400000,142950000,83.49,"['Shares bank account BANK000061 with 9 other registered contractors.', 'Belongs to SYNDICATE_061 (10 members) controlling 25 projects.', 'Contractor syndicate holds INR 142,950,000 in sanctioned public funds.', 'Entity directly holds 2 project(s) totaling INR 9,400,000.']"
V000041,Contractor Company 000041,BANK000061,SYNDICATE_061,10,2,8240000,142950000,83.49,"['Shares bank account BANK000061 with 9 other registered contractors.', 'Belongs to SYNDICATE_061 (10 members) controlling 25 projects.', 'Contractor syndicate holds INR 142,950,000 in sanctioned public funds.', 'Entity directly holds 2 project(s) totaling INR 8,240,000.']"
V000133,Contractor Company 000133,BANK000061,SYNDICATE_061,10,1,1510000,142950000,83.49,"['Shares bank account BANK000061 with 9 other registered contractors.', 'Belongs to SYNDICATE_061 (10 members) controlling 25 projects.', 'Contractor syndicate holds INR 142,950,000 in sanctioned public funds.', 'Entity directly holds 1 project(s) totaling INR 1,510,000.']"
V000119,Contractor Company 000119,BANK000032,SYNDICATE_032,14,3,28320000,112550000,83.09,"['Shares bank account BANK000032 with 13 other registered contractors.', 'Belongs to SYNDICATE_032 (14 members) controlling 20 projects.', 'Contractor syndicate holds INR 112,550,000 in sanctioned public funds.', 'Entity directly holds 3 project(s) totaling INR 28,320,000.']"
V000843,Contractor Company 000843,BANK000032,SYNDICATE_032,14,2,15230000,112550000,83.09,"['Shares bank account BANK000032 with 13 other registered contractors.', 'Belongs to SYNDICATE_032 (14 members) controlling 20 projects.', 'Contractor syndicate holds INR 112,550,000 in sanctioned public funds.', 'Entity directly holds 2 project(s) totaling INR 15,230,000.']"
V000735,Contractor Company 000735,BANK000032,SYNDICATE_032,14,2,13990000,112550000,83.09,"['Shares bank account BANK000032 with 13 other registered contractors.', 'Belongs to SYNDICATE_032 (14 members) controlling 20 projects.', 'Contractor syndicate holds INR 112,550,000 in sanctioned public funds.', 'Entity directly holds 2 project(s) totaling INR 13,990,000.']"
V000539,Contractor Company 000539,BANK000032,SYNDICATE_032,14,2,12290000,112550000,83.09,"['Shares bank account BANK000032 with 13 other registered contractors.', 'Belongs to SYNDICATE_032 (14 members) controlling 20 projects.', 'Contractor syndicate holds INR 112,550,000 in sanctioned public funds.', 'Entity directly holds 2 project(s) totaling INR 12,290,000.']"
V000582,Contractor Company 000582,BANK000032,SYNDICATE_032,14,2,11930000,112550000,83.09,"['Shares bank account BANK000032 with 13 other registered contractors.', 'Belongs to SYNDICATE_032 (14 members) controlling 20 projects.', 'Contractor syndicate holds INR 112,550,000 in sanctioned public funds.', 'Entity directly holds 2 project(s) totaling INR 11,930,000.']"
V000789,Contractor Company 000789,BANK000032,SYNDICATE_032,14,2,6220000,112550000,83.09,"['Shares bank account BANK000032 with 13 other registered contractors.', 'Belongs to SYNDICATE_032 (14 members) controlling 20 projects.', 'Contractor syndicate holds INR 112,550,000 in sanctioned public funds.', 'Entity directly holds 2 project(s) totaling INR 6,220,000.']"
V000662,Contractor Company 000662,BANK000032,SYNDICATE_032,14,2,5710000,112550000,83.09,"['Shares bank account BANK000032 with 13 other registered contractors.', 'Belongs to SYNDICATE_032 (14 members) controlling 20 projects.', 'Contractor syndicate holds INR 112,550,000 in sanctioned public funds.', 'Entity directly holds 2 project(s) totaling INR 5,710,000.']"
V000427,Contractor Company 000427,BANK000032,SYNDICATE_032,14,1,5250000,112550000,83.09,"['Shares bank account BANK000032 with 13 other registered contractors.', 'Belongs to SYNDICATE_032 (14 members) controlling 20 projects.', 'Contractor syndicate holds INR 112,550,000 in sanctioned public funds.', 'Entity directly holds 1 project(s) totaling INR 5,250,000.']"
V000690,Contractor Company 000690,BANK000032,SYNDICATE_032,14,1,4930000,112550000,83.09,"['Shares bank account BANK000032 with 13 other registered contractors.', 'Belongs to SYNDICATE_032 (14 members) controlling 20 projects.', 'Contractor syndicate holds INR 112,550,000 in sanctioned public funds.', 'Entity directly holds 1 project(s) totaling INR 4,930,000.']"
V000973,Contractor Company 000973,BANK000032,SYNDICATE_032,14,1,4860000,112550000,83.09,"['Shares bank account BANK000032 with 13 other registered contractors.', 'Belongs to SYNDICATE_032 (14 members) controlling 20 projects.', 'Contractor syndicate holds INR 112,550,000 in sanctioned public funds.', 'Entity directly holds 1 project(s) totaling INR 4,860,000.']"
V000095,Contractor Company 000095,BANK000032,SYNDICATE_032,14,1,2860000,112550000,83.09,"['Shares bank account BANK000032 with 13 other registered contractors.', 'Belongs to SYNDICATE_032 (14 members) controlling 20 projects.', 'Contractor syndicate holds INR 112,550,000 in sanctioned public funds.', 'Entity directly holds 1 project(s) totaling INR 2,860,000.']"
V000397,Contractor Company 000397,BANK000032,SYNDICATE_032,14,1,960000,112550000,83.09,"['Shares bank account BANK000032 with 13 other registered contractors.', 'Belongs to SYNDICATE_032 (14 members) controlling 20 projects.', 'Contractor syndicate holds INR 112,550,000 in sanctioned public funds.', 'Entity directly holds 1 project(s) totaling INR 960,000.']"
V000309,Contractor Company 000309,BANK000032,SYNDICATE_032,14,0,0,112550000,83.09,"['Shares bank account BANK000032 with 13 other registered contractors.', 'Belongs to SYNDICATE_032 (14 members) controlling 20 projects.', 'Contractor syndicate holds INR 112,550,000 in sanctioned public funds.', 'Entity directly holds 0 project(s) totaling INR 0.']"
V000972,Contractor Company 000972,BANK000032,SYNDICATE_032,14,0,0,112550000,83.09,"['Shares bank account BANK000032 with 13 other registered contractors.', 'Belongs to SYNDICATE_032 (14 members) controlling 20 projects.', 'Contractor syndicate holds INR 112,550,000 in sanctioned public funds.', 'Entity directly holds 0 project(s) totaling INR 0.']"
V000403,Contractor Company 000403,BANK000100,SYNDICATE_100,11,4,24710000,125360000,82.86,"['Shares bank account BANK000100 with 10 other registered contractors.', 'Belongs to SYNDICATE_100 (11 members) controlling 26 projects.', 'Contractor syndicate holds INR 125,360,000 in sanctioned public funds.', 'Entity directly holds 4 project(s) totaling INR 24,710,000.']"
V000837,Contractor Company 000837,BANK000100,SYNDICATE_100,11,3,17430000,125360000,82.86,"['Shares bank account BANK000100 with 10 other registered contractors.', 'Belongs to SYNDICATE_100 (11 members) controlling 26 projects.', 'Contractor syndicate holds INR 125,360,000 in sanctioned public funds.', 'Entity directly holds 3 project(s) totaling INR 17,430,000.']"
V000505,Contractor Company 000505,BANK000100,SYNDICATE_100,11,4,16950000,125360000,82.86,"['Shares bank account BANK000100 with 10 other registered contractors.', 'Belongs to SYNDICATE_100 (11 members) controlling 26 projects.', 'Contractor syndicate holds INR 125,360,000 in sanctioned public funds.', 'Entity directly holds 4 project(s) totaling INR 16,950,000.']"
V000431,Contractor Company 000431,BANK000100,SYNDICATE_100,11,3,16060000,125360000,82.86,"['Shares bank account BANK000100 with 10 other registered contractors.', 'Belongs to SYNDICATE_100 (11 members) controlling 26 projects.', 'Contractor syndicate holds INR 125,360,000 in sanctioned public funds.', 'Entity directly holds 3 project(s) totaling INR 16,060,000.']"
V000101,Contractor Company 000101,BANK000100,SYNDICATE_100,11,3,14250000,125360000,82.86,"['Shares bank account BANK000100 with 10 other registered contractors.', 'Belongs to SYNDICATE_100 (11 members) controlling 26 projects.', 'Contractor syndicate holds INR 125,360,000 in sanctioned public funds.', 'Entity directly holds 3 project(s) totaling INR 14,250,000.']"
V000951,Contractor Company 000951,BANK000100,SYNDICATE_100,11,2,10720000,125360000,82.86,"['Shares bank account BANK000100 with 10 other registered contractors.', 'Belongs to SYNDICATE_100 (11 members) controlling 26 projects.', 'Contractor syndicate holds INR 125,360,000 in sanctioned public funds.', 'Entity directly holds 2 project(s) totaling INR 10,720,000.']"
V000159,Contractor Company 000159,BANK000100,SYNDICATE_100,11,2,8260000,125360000,82.86,"['Shares bank account BANK000100 with 10 other registered contractors.', 'Belongs to SYNDICATE_100 (11 members) controlling 26 projects.', 'Contractor syndicate holds INR 125,360,000 in sanctioned public funds.', 'Entity directly holds 2 project(s) totaling INR 8,260,000.']"
V000267,Contractor Company 000267,BANK000100,SYNDICATE_100,11,1,6220000,125360000,82.86,"['Shares bank account BANK000100 with 10 other registered contractors.', 'Belongs to SYNDICATE_100 (11 members) controlling 26 projects.', 'Contractor syndicate holds INR 125,360,000 in sanctioned public funds.', 'Entity directly holds 1 project(s) totaling INR 6,220,000.']"
V000094,Contractor Company 000094,BANK000100,SYNDICATE_100,11,2,4570000,125360000,82.86,"['Shares bank account BANK000100 with 10 other registered contractors.', 'Belongs to SYNDICATE_100 (11 members) controlling 26 projects.', 'Contractor syndicate holds INR 125,360,000 in sanctioned public funds.', 'Entity directly holds 2 project(s) totaling INR 4,570,000.']"
V000052,Contractor Company 000052,BANK000100,SYNDICATE_100,11,1,3280000,125360000,82.86,"['Shares bank account BANK000100 with 10 other registered contractors.', 'Belongs to SYNDICATE_100 (11 members) controlling 26 projects.', 'Contractor syndicate holds INR 125,360,000 in sanctioned public funds.', 'Entity directly holds 1 project(s) totaling INR 3,280,000.']"
V000954,Contractor Company 000954,BANK000100,SYNDICATE_100,11,1,2910000,125360000,82.86,"['Shares bank account BANK000100 with 10 other registered contractors.', 'Belongs to SYNDICATE_100 (11 members) controlling 26 projects.', 'Contractor syndicate holds INR 125,360,000 in sanctioned public funds.', 'Entity directly holds 1 project(s) totaling INR 2,910,000.']"
V000936,Contractor Company 000936,BANK000077,SYNDICATE_077,14,3,23390000,131900000,82.66,"['Shares bank account BANK000077 with 13 other registered contractors.', 'Belongs to SYNDICATE_077 (14 members) controlling 22 projects.', 'Contractor syndicate holds INR 131,900,000 in sanctioned public funds.', 'Entity directly holds 3 project(s) totaling INR 23,390,000.']"
V000381,Contractor Company 000381,BANK000077,SYNDICATE_077,14,2,19230000,131900000,82.66,"['Shares bank account BANK000077 with 13 other registered contractors.', 'Belongs to SYNDICATE_077 (14 members) controlling 22 projects.', 'Contractor syndicate holds INR 131,900,000 in sanctioned public funds.', 'Entity directly holds 2 project(s) totaling INR 19,230,000.']"
V000158,Contractor Company 000158,BANK000077,SYNDICATE_077,14,3,18060000,131900000,82.66,"['Shares bank account BANK000077 with 13 other registered contractors.', 'Belongs to SYNDICATE_077 (14 members) controlling 22 projects.', 'Contractor syndicate holds INR 131,900,000 in sanctioned public funds.', 'Entity directly holds 3 project(s) totaling INR 18,060,000.']"
V000419,Contractor Company 000419,BANK000077,SYNDICATE_077,14,3,15730000,131900000,82.66,"['Shares bank account BANK000077 with 13 other registered contractors.', 'Belongs to SYNDICATE_077 (14 members) controlling 22 projects.', 'Contractor syndicate holds INR 131,900,000 in sanctioned public funds.', 'Entity directly holds 3 project(s) totaling INR 15,730,000.']"
V000742,Contractor Company 000742,BANK000077,SYNDICATE_077,14,2,13100000,131900000,82.66,"['Shares bank account BANK000077 with 13 other registered contractors.', 'Belongs to SYNDICATE_077 (14 members) controlling 22 projects.', 'Contractor syndicate holds INR 131,900,000 in sanctioned public funds.', 'Entity directly holds 2 project(s) totaling INR 13,100,000.']"
V000604,Contractor Company 000604,BANK000077,SYNDICATE_077,14,2,12290000,131900000,82.66,"['Shares bank account BANK000077 with 13 other registered contractors.', 'Belongs to SYNDICATE_077 (14 members) controlling 22 projects.', 'Contractor syndicate holds INR 131,900,000 in sanctioned public funds.', 'Entity directly holds 2 project(s) totaling INR 12,290,000.']"
V000866,Contractor Company 000866,BANK000077,SYNDICATE_077,14,2,10390000,131900000,82.66,"['Shares bank account BANK000077 with 13 other registered contractors.', 'Belongs to SYNDICATE_077 (14 members) controlling 22 projects.', 'Contractor syndicate holds INR 131,900,000 in sanctioned public funds.', 'Entity directly holds 2 project(s) totaling INR 10,390,000.']"
V000630,Contractor Company 000630,BANK000077,SYNDICATE_077,14,2,10270000,131900000,82.66,"['Shares bank account BANK000077 with 13 other registered contractors.', 'Belongs to SYNDICATE_077 (14 members) controlling 22 projects.', 'Contractor syndicate holds INR 131,900,000 in sanctioned public funds.', 'Entity directly holds 2 project(s) totaling INR 10,270,000.']"
V000741,Contractor Company 000741,BANK000077,SYNDICATE_077,14,2,8490000,131900000,82.66,"['Shares bank account BANK000077 with 13 other registered contractors.', 'Belongs to SYNDICATE_077 (14 members) controlling 22 projects.', 'Contractor syndicate holds INR 131,900,000 in sanctioned public funds.', 'Entity directly holds 2 project(s) totaling INR 8,490,000.']"
V000439,Contractor Company 000439,BANK000077,SYNDICATE_077,14,1,950000,131900000,82.66,"['Shares bank account BANK000077 with 13 other registered contractors.', 'Belongs to SYNDICATE_077 (14 members) controlling 22 projects.', 'Contractor syndicate holds INR 131,900,000 in sanctioned public funds.', 'Entity directly holds 1 project(s) totaling INR 950,000.']"
V000057,Contractor Company 000057,BANK000077,SYNDICATE_077,14,0,0,131900000,82.66,"['Shares bank account BANK000077 with 13 other registered contractors.', 'Belongs to SYNDICATE_077 (14 members) controlling 22 projects.', 'Contractor syndicate holds INR 131,900,000 in sanctioned public funds.', 'Entity directly holds 0 project(s) totaling INR 0.']"
V000182,Contractor Company 000182,BANK000077,SYNDICATE_077,14,0,0,131900000,82.66,"['Shares bank account BANK000077 with 13 other registered contractors.', 'Belongs to SYNDICATE_077 (14 members) controlling 22 projects.', 'Contractor syndicate holds INR 131,900,000 in sanctioned public funds.', 'Entity directly holds 0 project(s) totaling INR 0.']"
V000371,Contractor Company 000371,BANK000077,SYNDICATE_077,14,0,0,131900000,82.66,"['Shares bank account BANK000077 with 13 other registered contractors.', 'Belongs to SYNDICATE_077 (14 members) controlling 22 projects.', 'Contractor syndicate holds INR 131,900,000 in sanctioned public funds.', 'Entity directly holds 0 project(s) totaling INR 0.']"
V000887,Contractor Company 000887,BANK000077,SYNDICATE_077,14,0,0,131900000,82.66,"['Shares bank account BANK000077 with 13 other registered contractors.', 'Belongs to SYNDICATE_077 (14 members) controlling 22 projects.', 'Contractor syndicate holds INR 131,900,000 in sanctioned public funds.', 'Entity directly holds 0 project(s) totaling INR 0.']"
V000211,Contractor Company 000211,BANK000083,SYNDICATE_083,12,5,18390000,122170000,82.35,"['Shares bank account BANK000083 with 11 other registered contractors.', 'Belongs to SYNDICATE_083 (12 members) controlling 25 projects.', 'Contractor syndicate holds INR 122,170,000 in sanctioned public funds.', 'Entity directly holds 5 project(s) totaling INR 18,390,000.']"
V000016,Contractor Company 000016,BANK000083,SYNDICATE_083,12,2,17660000,122170000,82.35,"['Shares bank account BANK000083 with 11 other registered contractors.', 'Belongs to SYNDICATE_083 (12 members) controlling 25 projects.', 'Contractor syndicate holds INR 122,170,000 in sanctioned public funds.', 'Entity directly holds 2 project(s) totaling INR 17,660,000.']"
V000581,Contractor Company 000581,BANK000083,SYNDICATE_083,12,4,14870000,122170000,82.35,"['Shares bank account BANK000083 with 11 other registered contractors.', 'Belongs to SYNDICATE_083 (12 members) controlling 25 projects.', 'Contractor syndicate holds INR 122,170,000 in sanctioned public funds.', 'Entity directly holds 4 project(s) totaling INR 14,870,000.']"
V000442,Contractor Company 000442,BANK000083,SYNDICATE_083,12,2,14210000,122170000,82.35,"['Shares bank account BANK000083 with 11 other registered contractors.', 'Belongs to SYNDICATE_083 (12 members) controlling 25 projects.', 'Contractor syndicate holds INR 122,170,000 in sanctioned public funds.', 'Entity directly holds 2 project(s) totaling INR 14,210,000.']"
V000821,Contractor Company 000821,BANK000083,SYNDICATE_083,12,3,10670000,122170000,82.35,"['Shares bank account BANK000083 with 11 other registered contractors.', 'Belongs to SYNDICATE_083 (12 members) controlling 25 projects.', 'Contractor syndicate holds INR 122,170,000 in sanctioned public funds.', 'Entity directly holds 3 project(s) totaling INR 10,670,000.']"
V000464,Contractor Company 000464,BANK000083,SYNDICATE_083,12,2,9860000,122170000,82.35,"['Shares bank account BANK000083 with 11 other registered contractors.', 'Belongs to SYNDICATE_083 (12 members) controlling 25 projects.', 'Contractor syndicate holds INR 122,170,000 in sanctioned public funds.', 'Entity directly holds 2 project(s) totaling INR 9,860,000.']"
V000426,Contractor Company 000426,BANK000083,SYNDICATE_083,12,1,9560000,122170000,82.35,"['Shares bank account BANK000083 with 11 other registered contractors.', 'Belongs to SYNDICATE_083 (12 members) controlling 25 projects.', 'Contractor syndicate holds INR 122,170,000 in sanctioned public funds.', 'Entity directly holds 1 project(s) totaling INR 9,560,000.']"
V000683,Contractor Company 000683,BANK000083,SYNDICATE_083,12,2,9420000,122170000,82.35,"['Shares bank account BANK000083 with 11 other registered contractors.', 'Belongs to SYNDICATE_083 (12 members) controlling 25 projects.', 'Contractor syndicate holds INR 122,170,000 in sanctioned public funds.', 'Entity directly holds 2 project(s) totaling INR 9,420,000.']"
V000765,Contractor Company 000765,BANK000083,SYNDICATE_083,12,2,7080000,122170000,82.35,"['Shares bank account BANK000083 with 11 other registered contractors.', 'Belongs to SYNDICATE_083 (12 members) controlling 25 projects.', 'Contractor syndicate holds INR 122,170,000 in sanctioned public funds.', 'Entity directly holds 2 project(s) totaling INR 7,080,000.']"
V000304,Contractor Company 000304,BANK000083,SYNDICATE_083,12,1,5290000,122170000,82.35,"['Shares bank account BANK000083 with 11 other registered contractors.', 'Belongs to SYNDICATE_083 (12 members) controlling 25 projects.', 'Contractor syndicate holds INR 122,170,000 in sanctioned public funds.', 'Entity directly holds 1 project(s) totaling INR 5,290,000.']"
V000794,Contractor Company 000794,BANK000083,SYNDICATE_083,12,1,5160000,122170000,82.35,"['Shares bank account BANK000083 with 11 other registered contractors.', 'Belongs to SYNDICATE_083 (12 members) controlling 25 projects.', 'Contractor syndicate holds INR 122,170,000 in sanctioned public funds.', 'Entity directly holds 1 project(s) totaling INR 5,160,000.']"
V000271,Contractor Company 000271,BANK000083,SYNDICATE_083,12,0,0,122170000,82.35,"['Shares bank account BANK000083 with 11 other registered contractors.', 'Belongs to SYNDICATE_083 (12 members) controlling 25 projects.', 'Contractor syndicate holds INR 122,170,000 in sanctioned public funds.', 'Entity directly holds 0 project(s) totaling INR 0.']"
V000447,Contractor Company 000447,BANK000010,SYNDICATE_010,11,5,27670000,133480000,82.05,"['Shares bank account BANK000010 with 10 other registered contractors.', 'Belongs to SYNDICATE_010 (11 members) controlling 25 projects.', 'Contractor syndicate holds INR 133,480,000 in sanctioned public funds.', 'Entity directly holds 5 project(s) totaling INR 27,670,000.']"
V000546,Contractor Company 000546,BANK000010,SYNDICATE_010,11,3,17740000,133480000,82.05,"['Shares bank account BANK000010 with 10 other registered contractors.', 'Belongs to SYNDICATE_010 (11 members) controlling 25 projects.', 'Contractor syndicate holds INR 133,480,000 in sanctioned public funds.', 'Entity directly holds 3 project(s) totaling INR 17,740,000.']"
V000829,Contractor Company 000829,BANK000010,SYNDICATE_010,11,3,15820000,133480000,82.05,"['Shares bank account BANK000010 with 10 other registered contractors.', 'Belongs to SYNDICATE_010 (11 members) controlling 25 projects.', 'Contractor syndicate holds INR 133,480,000 in sanctioned public funds.', 'Entity directly holds 3 project(s) totaling INR 15,820,000.']"
V000167,Contractor Company 000167,BANK000010,SYNDICATE_010,11,2,15340000,133480000,82.05,"['Shares bank account BANK000010 with 10 other registered contractors.', 'Belongs to SYNDICATE_010 (11 members) controlling 25 projects.', 'Contractor syndicate holds INR 133,480,000 in sanctioned public funds.', 'Entity directly holds 2 project(s) totaling INR 15,340,000.']"
V000401,Contractor Company 000401,BANK000010,SYNDICATE_010,11,2,12680000,133480000,82.05,"['Shares bank account BANK000010 with 10 other registered contractors.', 'Belongs to SYNDICATE_010 (11 members) controlling 25 projects.', 'Contractor syndicate holds INR 133,480,000 in sanctioned public funds.', 'Entity directly holds 2 project(s) totaling INR 12,680,000.']"
V000825,Contractor Company 000825,BANK000010,SYNDICATE_010,11,1,9680000,133480000,82.05,"['Shares bank account BANK000010 with 10 other registered contractors.', 'Belongs to SYNDICATE_010 (11 members) controlling 25 projects.', 'Contractor syndicate holds INR 133,480,000 in sanctioned public funds.', 'Entity directly holds 1 project(s) totaling INR 9,680,000.']"
V000721,Contractor Company 000721,BANK000010,SYNDICATE_010,11,3,9470000,133480000,82.05,"['Shares bank account BANK000010 with 10 other registered contractors.', 'Belongs to SYNDICATE_010 (11 members) controlling 25 projects.', 'Contractor syndicate holds INR 133,480,000 in sanctioned public funds.', 'Entity directly holds 3 project(s) totaling INR 9,470,000.']"
V000171,Contractor Company 000171,BANK000010,SYNDICATE_010,11,2,9370000,133480000,82.05,"['Shares bank account BANK000010 with 10 other registered contractors.', 'Belongs to SYNDICATE_010 (11 members) controlling 25 projects.', 'Contractor syndicate holds INR 133,480,000 in sanctioned public funds.', 'Entity directly holds 2 project(s) totaling INR 9,370,000.']"
V000418,Contractor Company 000418,BANK000010,SYNDICATE_010,11,3,8440000,133480000,82.05,"['Shares bank account BANK000010 with 10 other registered contractors.', 'Belongs to SYNDICATE_010 (11 members) controlling 25 projects.', 'Contractor syndicate holds INR 133,480,000 in sanctioned public funds.', 'Entity directly holds 3 project(s) totaling INR 8,440,000.']"
V000611,Contractor Company 000611,BANK000010,SYNDICATE_010,11,1,7270000,133480000,82.05,"['Shares bank account BANK000010 with 10 other registered contractors.', 'Belongs to SYNDICATE_010 (11 members) controlling 25 projects.', 'Contractor syndicate holds INR 133,480,000 in sanctioned public funds.', 'Entity directly holds 1 project(s) totaling INR 7,270,000.']"
V000835,Contractor Company 000835,BANK000010,SYNDICATE_010,11,0,0,133480000,82.05,"['Shares bank account BANK000010 with 10 other registered contractors.', 'Belongs to SYNDICATE_010 (11 members) controlling 25 projects.', 'Contractor syndicate holds INR 133,480,000 in sanctioned public funds.', 'Entity directly holds 0 project(s) totaling INR 0.']"
V000161,Contractor Company 000161,BANK000076,SYNDICATE_076,11,4,29140000,133000000,81.99,"['Shares bank account BANK000076 with 10 other registered contractors.', 'Belongs to SYNDICATE_076 (11 members) controlling 27 projects.', 'Contractor syndicate holds INR 133,000,000 in sanctioned public funds.', 'Entity directly holds 4 project(s) totaling INR 29,140,000.']"
V000105,Contractor Company 000105,BANK000076,SYNDICATE_076,11,4,26940000,133000000,81.99,"['Shares bank account BANK000076 with 10 other registered contractors.', 'Belongs to SYNDICATE_076 (11 members) controlling 27 projects.', 'Contractor syndicate holds INR 133,000,000 in sanctioned public funds.', 'Entity directly holds 4 project(s) totaling INR 26,940,000.']"
V000312,Contractor Company 000312,BANK000076,SYNDICATE_076,11,4,16480000,133000000,81.99,"['Shares bank account BANK000076 with 10 other registered contractors.', 'Belongs to SYNDICATE_076 (11 members) controlling 27 projects.', 'Contractor syndicate holds INR 133,000,000 in sanctioned public funds.', 'Entity directly holds 4 project(s) totaling INR 16,480,000.']"
V000828,Contractor Company 000828,BANK000076,SYNDICATE_076,11,3,15530000,133000000,81.99,"['Shares bank account BANK000076 with 10 other registered contractors.', 'Belongs to SYNDICATE_076 (11 members) controlling 27 projects.', 'Contractor syndicate holds INR 133,000,000 in sanctioned public funds.', 'Entity directly holds 3 project(s) totaling INR 15,530,000.']"
V000928,Contractor Company 000928,BANK000076,SYNDICATE_076,11,3,10520000,133000000,81.99,"['Shares bank account BANK000076 with 10 other registered contractors.', 'Belongs to SYNDICATE_076 (11 members) controlling 27 projects.', 'Contractor syndicate holds INR 133,000,000 in sanctioned public funds.', 'Entity directly holds 3 project(s) totaling INR 10,520,000.']"
V000931,Contractor Company 000931,BANK000076,SYNDICATE_076,11,2,10430000,133000000,81.99,"['Shares bank account BANK000076 with 10 other registered contractors.', 'Belongs to SYNDICATE_076 (11 members) controlling 27 projects.', 'Contractor syndicate holds INR 133,000,000 in sanctioned public funds.', 'Entity directly holds 2 project(s) totaling INR 10,430,000.']"
V000084,Contractor Company 000084,BANK000076,SYNDICATE_076,11,1,8850000,133000000,81.99,"['Shares bank account BANK000076 with 10 other registered contractors.', 'Belongs to SYNDICATE_076 (11 members) controlling 27 projects.', 'Contractor syndicate holds INR 133,000,000 in sanctioned public funds.', 'Entity directly holds 1 project(s) totaling INR 8,850,000.']"
V000414,Contractor Company 000414,BANK000076,SYNDICATE_076,11,3,7100000,133000000,81.99,"['Shares bank account BANK000076 with 10 other registered contractors.', 'Belongs to SYNDICATE_076 (11 members) controlling 27 projects.', 'Contractor syndicate holds INR 133,000,000 in sanctioned public funds.', 'Entity directly holds 3 project(s) totaling INR 7,100,000.']"
V000232,Contractor Company 000232,BANK000076,SYNDICATE_076,11,2,5110000,133000000,81.99,"['Shares bank account BANK000076 with 10 other registered contractors.', 'Belongs to SYNDICATE_076 (11 members) controlling 27 projects.', 'Contractor syndicate holds INR 133,000,000 in sanctioned public funds.', 'Entity directly holds 2 project(s) totaling INR 5,110,000.']"
V000297,Contractor Company 000297,BANK000076,SYNDICATE_076,11,1,2900000,133000000,81.99,"['Shares bank account BANK000076 with 10 other registered contractors.', 'Belongs to SYNDICATE_076 (11 members) controlling 27 projects.', 'Contractor syndicate holds INR 133,000,000 in sanctioned public funds.', 'Entity directly holds 1 project(s) totaling INR 2,900,000.']"
V000324,Contractor Company 000324,BANK000076,SYNDICATE_076,11,0,0,133000000,81.99,"['Shares bank account BANK000076 with 10 other registered contractors.', 'Belongs to SYNDICATE_076 (11 members) controlling 27 projects.', 'Contractor syndicate holds INR 133,000,000 in sanctioned public funds.', 'Entity directly holds 0 project(s) totaling INR 0.']"
V000488,Contractor Company 000488,BANK000031,SYNDICATE_031,11,5,25360000,132310000,81.91,"['Shares bank account BANK000031 with 10 other registered contractors.', 'Belongs to SYNDICATE_031 (11 members) controlling 23 projects.', 'Contractor syndicate holds INR 132,310,000 in sanctioned public funds.', 'Entity directly holds 5 project(s) totaling INR 25,360,000.']"
V000591,Contractor Company 000591,BANK000031,SYNDICATE_031,11,3,19220000,132310000,81.91,"['Shares bank account BANK000031 with 10 other registered contractors.', 'Belongs to SYNDICATE_031 (11 members) controlling 23 projects.', 'Contractor syndicate holds INR 132,310,000 in sanctioned public funds.', 'Entity directly holds 3 project(s) totaling INR 19,220,000.']"
V000532,Contractor Company 000532,BANK000031,SYNDICATE_031,11,4,13740000,132310000,81.91,"['Shares bank account BANK000031 with 10 other registered contractors.', 'Belongs to SYNDICATE_031 (11 members) controlling 23 projects.', 'Contractor syndicate holds INR 132,310,000 in sanctioned public funds.', 'Entity directly holds 4 project(s) totaling INR 13,740,000.']"
V000749,Contractor Company 000749,BANK000031,SYNDICATE_031,11,2,13710000,132310000,81.91,"['Shares bank account BANK000031 with 10 other registered contractors.', 'Belongs to SYNDICATE_031 (11 members) controlling 23 projects.', 'Contractor syndicate holds INR 132,310,000 in sanctioned public funds.', 'Entity directly holds 2 project(s) totaling INR 13,710,000.']"
V000933,Contractor Company 000933,BANK000031,SYNDICATE_031,11,2,12480000,132310000,81.91,"['Shares bank account BANK000031 with 10 other registered contractors.', 'Belongs to SYNDICATE_031 (11 members) controlling 23 projects.', 'Contractor syndicate holds INR 132,310,000 in sanctioned public funds.', 'Entity directly holds 2 project(s) totaling INR 12,480,000.']"
V000759,Contractor Company 000759,BANK000031,SYNDICATE_031,11,2,11380000,132310000,81.91,"['Shares bank account BANK000031 with 10 other registered contractors.', 'Belongs to SYNDICATE_031 (11 members) controlling 23 projects.', 'Contractor syndicate holds INR 132,310,000 in sanctioned public funds.', 'Entity directly holds 2 project(s) totaling INR 11,380,000.']"
V000166,Contractor Company 000166,BANK000031,SYNDICATE_031,11,2,11120000,132310000,81.91,"['Shares bank account BANK000031 with 10 other registered contractors.', 'Belongs to SYNDICATE_031 (11 members) controlling 23 projects.', 'Contractor syndicate holds INR 132,310,000 in sanctioned public funds.', 'Entity directly holds 2 project(s) totaling INR 11,120,000.']"
V000261,Contractor Company 000261,BANK000031,SYNDICATE_031,11,1,9960000,132310000,81.91,"['Shares bank account BANK000031 with 10 other registered contractors.', 'Belongs to SYNDICATE_031 (11 members) controlling 23 projects.', 'Contractor syndicate holds INR 132,310,000 in sanctioned public funds.', 'Entity directly holds 1 project(s) totaling INR 9,960,000.']"
V000207,Contractor Company 000207,BANK000031,SYNDICATE_031,11,1,8970000,132310000,81.91,"['Shares bank account BANK000031 with 10 other registered contractors.', 'Belongs to SYNDICATE_031 (11 members) controlling 23 projects.', 'Contractor syndicate holds INR 132,310,000 in sanctioned public funds.', 'Entity directly holds 1 project(s) totaling INR 8,970,000.']"
V000302,Contractor Company 000302,BANK000031,SYNDICATE_031,11,1,6370000,132310000,81.91,"['Shares bank account BANK000031 with 10 other registered contractors.', 'Belongs to SYNDICATE_031 (11 members) controlling 23 projects.', 'Contractor syndicate holds INR 132,310,000 in sanctioned public funds.', 'Entity directly holds 1 project(s) totaling INR 6,370,000.']"
V000484,Contractor Company 000484,BANK000031,SYNDICATE_031,11,0,0,132310000,81.91,"['Shares bank account BANK000031 with 10 other registered contractors.', 'Belongs to SYNDICATE_031 (11 members) controlling 23 projects.', 'Contractor syndicate holds INR 132,310,000 in sanctioned public funds.', 'Entity directly holds 0 project(s) totaling INR 0.']"
V000673,Contractor Company 000673,BANK000095,SYNDICATE_095,11,5,37160000,137970000,80.8,"['Shares bank account BANK000095 with 10 other registered contractors.', 'Belongs to SYNDICATE_095 (11 members) controlling 23 projects.', 'Contractor syndicate holds INR 137,970,000 in sanctioned public funds.', 'Entity directly holds 5 project(s) totaling INR 37,160,000.']"
V000183,Contractor Company 000183,BANK000095,SYNDICATE_095,11,4,20070000,137970000,80.8,"['Shares bank account BANK000095 with 10 other registered contractors.', 'Belongs to SYNDICATE_095 (11 members) controlling 23 projects.', 'Contractor syndicate holds INR 137,970,000 in sanctioned public funds.', 'Entity directly holds 4 project(s) totaling INR 20,070,000.']"
V000961,Contractor Company 000961,BANK000095,SYNDICATE_095,11,3,16770000,137970000,80.8,"['Shares bank account BANK000095 with 10 other registered contractors.', 'Belongs to SYNDICATE_095 (11 members) controlling 23 projects.', 'Contractor syndicate holds INR 137,970,000 in sanctioned public funds.', 'Entity directly holds 3 project(s) totaling INR 16,770,000.']"
V000743,Contractor Company 000743,BANK000095,SYNDICATE_095,11,2,15830000,137970000,80.8,"['Shares bank account BANK000095 with 10 other registered contractors.', 'Belongs to SYNDICATE_095 (11 members) controlling 23 projects.', 'Contractor syndicate holds INR 137,970,000 in sanctioned public funds.', 'Entity directly holds 2 project(s) totaling INR 15,830,000.']"
V000624,Contractor Company 000624,BANK000095,SYNDICATE_095,11,4,15560000,137970000,80.8,"['Shares bank account BANK000095 with 10 other registered contractors.', 'Belongs to SYNDICATE_095 (11 members) controlling 23 projects.', 'Contractor syndicate holds INR 137,970,000 in sanctioned public funds.', 'Entity directly holds 4 project(s) totaling INR 15,560,000.']"
V000321,Contractor Company 000321,BANK000095,SYNDICATE_095,11,2,13570000,137970000,80.8,"['Shares bank account BANK000095 with 10 other registered contractors.', 'Belongs to SYNDICATE_095 (11 members) controlling 23 projects.', 'Contractor syndicate holds INR 137,970,000 in sanctioned public funds.', 'Entity directly holds 2 project(s) totaling INR 13,570,000.']"
V000753,Contractor Company 000753,BANK000095,SYNDICATE_095,11,1,9490000,137970000,80.8,"['Shares bank account BANK000095 with 10 other registered contractors.', 'Belongs to SYNDICATE_095 (11 members) controlling 23 projects.', 'Contractor syndicate holds INR 137,970,000 in sanctioned public funds.', 'Entity directly holds 1 project(s) totaling INR 9,490,000.']"
V000641,Contractor Company 000641,BANK000095,SYNDICATE_095,11,1,7840000,137970000,80.8,"['Shares bank account BANK000095 with 10 other registered contractors.', 'Belongs to SYNDICATE_095 (11 members) controlling 23 projects.', 'Contractor syndicate holds INR 137,970,000 in sanctioned public funds.', 'Entity directly holds 1 project(s) totaling INR 7,840,000.']"
V000661,Contractor Company 000661,BANK000095,SYNDICATE_095,11,1,1680000,137970000,80.8,"['Shares bank account BANK000095 with 10 other registered contractors.', 'Belongs to SYNDICATE_095 (11 members) controlling 23 projects.', 'Contractor syndicate holds INR 137,970,000 in sanctioned public funds.', 'Entity directly holds 1 project(s) totaling INR 1,680,000.']"
V000347,Contractor Company 000347,BANK000095,SYNDICATE_095,11,0,0,137970000,80.8,"['Shares bank account BANK000095 with 10 other registered contractors.', 'Belongs to SYNDICATE_095 (11 members) controlling 23 projects.', 'Contractor syndicate holds INR 137,970,000 in sanctioned public funds.', 'Entity directly holds 0 project(s) totaling INR 0.']"
V000540,Contractor Company 000540,BANK000095,SYNDICATE_095,11,0,0,137970000,80.8,"['Shares bank account BANK000095 with 10 other registered contractors.', 'Belongs to SYNDICATE_095 (11 members) controlling 23 projects.', 'Contractor syndicate holds INR 137,970,000 in sanctioned public funds.', 'Entity directly holds 0 project(s) totaling INR 0.']"
V000164,Contractor Company 000164,BANK000027,SYNDICATE_027,11,6,33910000,117280000,80.03,"['Shares bank account BANK000027 with 10 other registered contractors.', 'Belongs to SYNDICATE_027 (11 members) controlling 23 projects.', 'Contractor syndicate holds INR 117,280,000 in sanctioned public funds.', 'Entity directly holds 6 project(s) totaling INR 33,910,000.']"
V000713,Contractor Company 000713,BANK000027,SYNDICATE_027,11,4,22790000,117280000,80.03,"['Shares bank account BANK000027 with 10 other registered contractors.', 'Belongs to SYNDICATE_027 (11 members) controlling 23 projects.', 'Contractor syndicate holds INR 117,280,000 in sanctioned public funds.', 'Entity directly holds 4 project(s) totaling INR 22,790,000.']"
V000382,Contractor Company 000382,BANK000027,SYNDICATE_027,11,4,18020000,117280000,80.03,"['Shares bank account BANK000027 with 10 other registered contractors.', 'Belongs to SYNDICATE_027 (11 members) controlling 23 projects.', 'Contractor syndicate holds INR 117,280,000 in sanctioned public funds.', 'Entity directly holds 4 project(s) totaling INR 18,020,000.']"
V000740,Contractor Company 000740,BANK000027,SYNDICATE_027,11,3,11960000,117280000,80.03,"['Shares bank account BANK000027 with 10 other registered contractors.', 'Belongs to SYNDICATE_027 (11 members) controlling 23 projects.', 'Contractor syndicate holds INR 117,280,000 in sanctioned public funds.', 'Entity directly holds 3 project(s) totaling INR 11,960,000.']"
V000586,Contractor Company 000586,BANK000027,SYNDICATE_027,11,1,9920000,117280000,80.03,"['Shares bank account BANK000027 with 10 other registered contractors.', 'Belongs to SYNDICATE_027 (11 members) controlling 23 projects.', 'Contractor syndicate holds INR 117,280,000 in sanctioned public funds.', 'Entity directly holds 1 project(s) totaling INR 9,920,000.']"
V000310,Contractor Company 000310,BANK000027,SYNDICATE_027,11,1,7860000,117280000,80.03,"['Shares bank account BANK000027 with 10 other registered contractors.', 'Belongs to SYNDICATE_027 (11 members) controlling 23 projects.', 'Contractor syndicate holds INR 117,280,000 in sanctioned public funds.', 'Entity directly holds 1 project(s) totaling INR 7,860,000.']"
V000003,Contractor Company 000003,BANK000027,SYNDICATE_027,11,1,6950000,117280000,80.03,"['Shares bank account BANK000027 with 10 other registered contractors.', 'Belongs to SYNDICATE_027 (11 members) controlling 23 projects.', 'Contractor syndicate holds INR 117,280,000 in sanctioned public funds.', 'Entity directly holds 1 project(s) totaling INR 6,950,000.']"
V000906,Contractor Company 000906,BANK000027,SYNDICATE_027,11,1,2100000,117280000,80.03,"['Shares bank account BANK000027 with 10 other registered contractors.', 'Belongs to SYNDICATE_027 (11 members) controlling 23 projects.', 'Contractor syndicate holds INR 117,280,000 in sanctioned public funds.', 'Entity directly holds 1 project(s) totaling INR 2,100,000.']"
V000964,Contractor Company 000964,BANK000027,SYNDICATE_027,11,1,1920000,117280000,80.03,"['Shares bank account BANK000027 with 10 other registered contractors.', 'Belongs to SYNDICATE_027 (11 members) controlling 23 projects.', 'Contractor syndicate holds INR 117,280,000 in sanctioned public funds.', 'Entity directly holds 1 project(s) totaling INR 1,920,000.']"
V000782,Contractor Company 000782,BANK000027,SYNDICATE_027,11,1,1850000,117280000,80.03,"['Shares bank account BANK000027 with 10 other registered contractors.', 'Belongs to SYNDICATE_027 (11 members) controlling 23 projects.', 'Contractor syndicate holds INR 117,280,000 in sanctioned public funds.', 'Entity directly holds 1 project(s) totaling INR 1,850,000.']"
V000921,Contractor Company 000921,BANK000027,SYNDICATE_027,11,0,0,117280000,80.03,"['Shares bank account BANK000027 with 10 other registered contractors.', 'Belongs to SYNDICATE_027 (11 members) controlling 23 projects.', 'Contractor syndicate holds INR 117,280,000 in sanctioned public funds.', 'Entity directly holds 0 project(s) totaling INR 0.']"
V000621,Contractor Company 000621,BANK000020,SYNDICATE_020,10,5,35350000,109740000,79.34,"['Shares bank account BANK000020 with 9 other registered contractors.', 'Belongs to SYNDICATE_020 (10 members) controlling 23 projects.', 'Contractor syndicate holds INR 109,740,000 in sanctioned public funds.', 'Entity directly holds 5 project(s) totaling INR 35,350,000.']"
V000787,Contractor Company 000787,BANK000020,SYNDICATE_020,10,7,34090000,109740000,79.34,"['Shares bank account BANK000020 with 9 other registered contractors.', 'Belongs to SYNDICATE_020 (10 members) controlling 23 projects.', 'Contractor syndicate holds INR 109,740,000 in sanctioned public funds.', 'Entity directly holds 7 project(s) totaling INR 34,090,000.']"
V000809,Contractor Company 000809,BANK000020,SYNDICATE_020,10,2,9390000,109740000,79.34,"['Shares bank account BANK000020 with 9 other registered contractors.', 'Belongs to SYNDICATE_020 (10 members) controlling 23 projects.', 'Contractor syndicate holds INR 109,740,000 in sanctioned public funds.', 'Entity directly holds 2 project(s) totaling INR 9,390,000.']"
V000757,Contractor Company 000757,BANK000020,SYNDICATE_020,10,2,8530000,109740000,79.34,"['Shares bank account BANK000020 with 9 other registered contractors.', 'Belongs to SYNDICATE_020 (10 members) controlling 23 projects.', 'Contractor syndicate holds INR 109,740,000 in sanctioned public funds.', 'Entity directly holds 2 project(s) totaling INR 8,530,000.']"
V000372,Contractor Company 000372,BANK000020,SYNDICATE_020,10,1,8470000,109740000,79.34,"['Shares bank account BANK000020 with 9 other registered contractors.', 'Belongs to SYNDICATE_020 (10 members) controlling 23 projects.', 'Contractor syndicate holds INR 109,740,000 in sanctioned public funds.', 'Entity directly holds 1 project(s) totaling INR 8,470,000.']"
V000344,Contractor Company 000344,BANK000020,SYNDICATE_020,10,2,4570000,109740000,79.34,"['Shares bank account BANK000020 with 9 other registered contractors.', 'Belongs to SYNDICATE_020 (10 members) controlling 23 projects.', 'Contractor syndicate holds INR 109,740,000 in sanctioned public funds.', 'Entity directly holds 2 project(s) totaling INR 4,570,000.']"
V000407,Contractor Company 000407,BANK000020,SYNDICATE_020,10,1,4390000,109740000,79.34,"['Shares bank account BANK000020 with 9 other registered contractors.', 'Belongs to SYNDICATE_020 (10 members) controlling 23 projects.', 'Contractor syndicate holds INR 109,740,000 in sanctioned public funds.', 'Entity directly holds 1 project(s) totaling INR 4,390,000.']"
V000155,Contractor Company 000155,BANK000020,SYNDICATE_020,10,1,1810000,109740000,79.34,"['Shares bank account BANK000020 with 9 other registered contractors.', 'Belongs to SYNDICATE_020 (10 members) controlling 23 projects.', 'Contractor syndicate holds INR 109,740,000 in sanctioned public funds.', 'Entity directly holds 1 project(s) totaling INR 1,810,000.']"
V000451,Contractor Company 000451,BANK000020,SYNDICATE_020,10,1,1630000,109740000,79.34,"['Shares bank account BANK000020 with 9 other registered contractors.', 'Belongs to SYNDICATE_020 (10 members) controlling 23 projects.', 'Contractor syndicate holds INR 109,740,000 in sanctioned public funds.', 'Entity directly holds 1 project(s) totaling INR 1,630,000.']"
V000736,Contractor Company 000736,BANK000020,SYNDICATE_020,10,1,1510000,109740000,79.34,"['Shares bank account BANK000020 with 9 other registered contractors.', 'Belongs to SYNDICATE_020 (10 members) controlling 23 projects.', 'Contractor syndicate holds INR 109,740,000 in sanctioned public funds.', 'Entity directly holds 1 project(s) totaling INR 1,510,000.']"
V000360,Contractor Company 000360,BANK000079,SYNDICATE_079,11,3,21960000,111660000,79.33,"['Shares bank account BANK000079 with 10 other registered contractors.', 'Belongs to SYNDICATE_079 (11 members) controlling 24 projects.', 'Contractor syndicate holds INR 111,660,000 in sanctioned public funds.', 'Entity directly holds 3 project(s) totaling INR 21,960,000.']"
V000526,Contractor Company 000526,BANK000079,SYNDICATE_079,11,4,20480000,111660000,79.33,"['Shares bank account BANK000079 with 10 other registered contractors.', 'Belongs to SYNDICATE_079 (11 members) controlling 24 projects.', 'Contractor syndicate holds INR 111,660,000 in sanctioned public funds.', 'Entity directly holds 4 project(s) totaling INR 20,480,000.']"
V000686,Contractor Company 000686,BANK000079,SYNDICATE_079,11,3,15530000,111660000,79.33,"['Shares bank account BANK000079 with 10 other registered contractors.', 'Belongs to SYNDICATE_079 (11 members) controlling 24 projects.', 'Contractor syndicate holds INR 111,660,000 in sanctioned public funds.', 'Entity directly holds 3 project(s) totaling INR 15,530,000.']"
V000058,Contractor Company 000058,BANK000079,SYNDICATE_079,11,2,13360000,111660000,79.33,"['Shares bank account BANK000079 with 10 other registered contractors.', 'Belongs to SYNDICATE_079 (11 members) controlling 24 projects.', 'Contractor syndicate holds INR 111,660,000 in sanctioned public funds.', 'Entity directly holds 2 project(s) totaling INR 13,360,000.']"
V000557,Contractor Company 000557,BANK000079,SYNDICATE_079,11,2,11220000,111660000,79.33,"['Shares bank account BANK000079 with 10 other registered contractors.', 'Belongs to SYNDICATE_079 (11 members) controlling 24 projects.', 'Contractor syndicate holds INR 111,660,000 in sanctioned public funds.', 'Entity directly holds 2 project(s) totaling INR 11,220,000.']"
V000115,Contractor Company 000115,BANK000079,SYNDICATE_079,11,3,10860000,111660000,79.33,"['Shares bank account BANK000079 with 10 other registered contractors.', 'Belongs to SYNDICATE_079 (11 members) controlling 24 projects.', 'Contractor syndicate holds INR 111,660,000 in sanctioned public funds.', 'Entity directly holds 3 project(s) totaling INR 10,860,000.']"
V000289,Contractor Company 000289,BANK000079,SYNDICATE_079,11,4,8950000,111660000,79.33,"['Shares bank account BANK000079 with 10 other registered contractors.', 'Belongs to SYNDICATE_079 (11 members) controlling 24 projects.', 'Contractor syndicate holds INR 111,660,000 in sanctioned public funds.', 'Entity directly holds 4 project(s) totaling INR 8,950,000.']"
V000544,Contractor Company 000544,BANK000079,SYNDICATE_079,11,1,5500000,111660000,79.33,"['Shares bank account BANK000079 with 10 other registered contractors.', 'Belongs to SYNDICATE_079 (11 members) controlling 24 projects.', 'Contractor syndicate holds INR 111,660,000 in sanctioned public funds.', 'Entity directly holds 1 project(s) totaling INR 5,500,000.']"
V000163,Contractor Company 000163,BANK000079,SYNDICATE_079,11,1,2610000,111660000,79.33,"['Shares bank account BANK000079 with 10 other registered contractors.', 'Belongs to SYNDICATE_079 (11 members) controlling 24 projects.', 'Contractor syndicate holds INR 111,660,000 in sanctioned public funds.', 'Entity directly holds 1 project(s) totaling INR 2,610,000.']"
V000572,Contractor Company 000572,BANK000079,SYNDICATE_079,11,1,1190000,111660000,79.33,"['Shares bank account BANK000079 with 10 other registered contractors.', 'Belongs to SYNDICATE_079 (11 members) controlling 24 projects.', 'Contractor syndicate holds INR 111,660,000 in sanctioned public funds.', 'Entity directly holds 1 project(s) totaling INR 1,190,000.']"
V000035,Contractor Company 000035,BANK000079,SYNDICATE_079,11,0,0,111660000,79.33,"['Shares bank account BANK000079 with 10 other registered contractors.', 'Belongs to SYNDICATE_079 (11 members) controlling 24 projects.', 'Contractor syndicate holds INR 111,660,000 in sanctioned public funds.', 'Entity directly holds 0 project(s) totaling INR 0.']"
V000285,Contractor Company 000285,BANK000048,SYNDICATE_048,9,5,32790000,121720000,79.27,"['Shares bank account BANK000048 with 8 other registered contractors.', 'Belongs to SYNDICATE_048 (9 members) controlling 22 projects.', 'Contractor syndicate holds INR 121,720,000 in sanctioned public funds.', 'Entity directly holds 5 project(s) totaling INR 32,790,000.']"
V000357,Contractor Company 000357,BANK000048,SYNDICATE_048,9,2,18660000,121720000,79.27,"['Shares bank account BANK000048 with 8 other registered contractors.', 'Belongs to SYNDICATE_048 (9 members) controlling 22 projects.', 'Contractor syndicate holds INR 121,720,000 in sanctioned public funds.', 'Entity directly holds 2 project(s) totaling INR 18,660,000.']"
V000615,Contractor Company 000615,BANK000048,SYNDICATE_048,9,3,17870000,121720000,79.27,"['Shares bank account BANK000048 with 8 other registered contractors.', 'Belongs to SYNDICATE_048 (9 members) controlling 22 projects.', 'Contractor syndicate holds INR 121,720,000 in sanctioned public funds.', 'Entity directly holds 3 project(s) totaling INR 17,870,000.']"
V000726,Contractor Company 000726,BANK000048,SYNDICATE_048,9,2,16110000,121720000,79.27,"['Shares bank account BANK000048 with 8 other registered contractors.', 'Belongs to SYNDICATE_048 (9 members) controlling 22 projects.', 'Contractor syndicate holds INR 121,720,000 in sanctioned public funds.', 'Entity directly holds 2 project(s) totaling INR 16,110,000.']"
V000800,Contractor Company 000800,BANK000048,SYNDICATE_048,9,2,12760000,121720000,79.27,"['Shares bank account BANK000048 with 8 other registered contractors.', 'Belongs to SYNDICATE_048 (9 members) controlling 22 projects.', 'Contractor syndicate holds INR 121,720,000 in sanctioned public funds.', 'Entity directly holds 2 project(s) totaling INR 12,760,000.']"
V000766,Contractor Company 000766,BANK000048,SYNDICATE_048,9,2,10580000,121720000,79.27,"['Shares bank account BANK000048 with 8 other registered contractors.', 'Belongs to SYNDICATE_048 (9 members) controlling 22 projects.', 'Contractor syndicate holds INR 121,720,000 in sanctioned public funds.', 'Entity directly holds 2 project(s) totaling INR 10,580,000.']"
V000535,Contractor Company 000535,BANK000048,SYNDICATE_048,9,3,6120000,121720000,79.27,"['Shares bank account BANK000048 with 8 other registered contractors.', 'Belongs to SYNDICATE_048 (9 members) controlling 22 projects.', 'Contractor syndicate holds INR 121,720,000 in sanctioned public funds.', 'Entity directly holds 3 project(s) totaling INR 6,120,000.']"
V000296,Contractor Company 000296,BANK000048,SYNDICATE_048,9,2,4040000,121720000,79.27,"['Shares bank account BANK000048 with 8 other registered contractors.', 'Belongs to SYNDICATE_048 (9 members) controlling 22 projects.', 'Contractor syndicate holds INR 121,720,000 in sanctioned public funds.', 'Entity directly holds 2 project(s) totaling INR 4,040,000.']"
V000513,Contractor Company 000513,BANK000048,SYNDICATE_048,9,1,2790000,121720000,79.27,"['Shares bank account BANK000048 with 8 other registered contractors.', 'Belongs to SYNDICATE_048 (9 members) controlling 22 projects.', 'Contractor syndicate holds INR 121,720,000 in sanctioned public funds.', 'Entity directly holds 1 project(s) totaling INR 2,790,000.']"
V000907,Contractor Company 000907,BANK000045,SYNDICATE_045,10,4,20620000,107750000,79.09,"['Shares bank account BANK000045 with 9 other registered contractors.', 'Belongs to SYNDICATE_045 (10 members) controlling 23 projects.', 'Contractor syndicate holds INR 107,750,000 in sanctioned public funds.', 'Entity directly holds 4 project(s) totaling INR 20,620,000.']"
V000223,Contractor Company 000223,BANK000045,SYNDICATE_045,10,3,16670000,107750000,79.09,"['Shares bank account BANK000045 with 9 other registered contractors.', 'Belongs to SYNDICATE_045 (10 members) controlling 23 projects.', 'Contractor syndicate holds INR 107,750,000 in sanctioned public funds.', 'Entity directly holds 3 project(s) totaling INR 16,670,000.']"
V000108,Contractor Company 000108,BANK000045,SYNDICATE_045,10,4,16150000,107750000,79.09,"['Shares bank account BANK000045 with 9 other registered contractors.', 'Belongs to SYNDICATE_045 (10 members) controlling 23 projects.', 'Contractor syndicate holds INR 107,750,000 in sanctioned public funds.', 'Entity directly holds 4 project(s) totaling INR 16,150,000.']"
V000093,Contractor Company 000093,BANK000045,SYNDICATE_045,10,3,13130000,107750000,79.09,"['Shares bank account BANK000045 with 9 other registered contractors.', 'Belongs to SYNDICATE_045 (10 members) controlling 23 projects.', 'Contractor syndicate holds INR 107,750,000 in sanctioned public funds.', 'Entity directly holds 3 project(s) totaling INR 13,130,000.']"
V000901,Contractor Company 000901,BANK000045,SYNDICATE_045,10,2,11360000,107750000,79.09,"['Shares bank account BANK000045 with 9 other registered contractors.', 'Belongs to SYNDICATE_045 (10 members) controlling 23 projects.', 'Contractor syndicate holds INR 107,750,000 in sanctioned public funds.', 'Entity directly holds 2 project(s) totaling INR 11,360,000.']"
V000134,Contractor Company 000134,BANK000045,SYNDICATE_045,10,2,8610000,107750000,79.09,"['Shares bank account BANK000045 with 9 other registered contractors.', 'Belongs to SYNDICATE_045 (10 members) controlling 23 projects.', 'Contractor syndicate holds INR 107,750,000 in sanctioned public funds.', 'Entity directly holds 2 project(s) totaling INR 8,610,000.']"
V000959,Contractor Company 000959,BANK000045,SYNDICATE_045,10,2,8400000,107750000,79.09,"['Shares bank account BANK000045 with 9 other registered contractors.', 'Belongs to SYNDICATE_045 (10 members) controlling 23 projects.', 'Contractor syndicate holds INR 107,750,000 in sanctioned public funds.', 'Entity directly holds 2 project(s) totaling INR 8,400,000.']"
V000755,Contractor Company 000755,BANK000045,SYNDICATE_045,10,1,7360000,107750000,79.09,"['Shares bank account BANK000045 with 9 other registered contractors.', 'Belongs to SYNDICATE_045 (10 members) controlling 23 projects.', 'Contractor syndicate holds INR 107,750,000 in sanctioned public funds.', 'Entity directly holds 1 project(s) totaling INR 7,360,000.']"
V000722,Contractor Company 000722,BANK000045,SYNDICATE_045,10,1,3130000,107750000,79.09,"['Shares bank account BANK000045 with 9 other registered contractors.', 'Belongs to SYNDICATE_045 (10 members) controlling 23 projects.', 'Contractor syndicate holds INR 107,750,000 in sanctioned public funds.', 'Entity directly holds 1 project(s) totaling INR 3,130,000.']"
V000257,Contractor Company 000257,BANK000045,SYNDICATE_045,10,1,2320000,107750000,79.09,"['Shares bank account BANK000045 with 9 other registered contractors.', 'Belongs to SYNDICATE_045 (10 members) controlling 23 projects.', 'Contractor syndicate holds INR 107,750,000 in sanctioned public funds.', 'Entity directly holds 1 project(s) totaling INR 2,320,000.']"
V000006,Contractor Company 000006,BANK000021,SYNDICATE_021,10,4,25790000,120740000,78.71,"['Shares bank account BANK000021 with 9 other registered contractors.', 'Belongs to SYNDICATE_021 (10 members) controlling 21 projects.', 'Contractor syndicate holds INR 120,740,000 in sanctioned public funds.', 'Entity directly holds 4 project(s) totaling INR 25,790,000.']"
V000429,Contractor Company 000429,BANK000021,SYNDICATE_021,10,3,20220000,120740000,78.71,"['Shares bank account BANK000021 with 9 other registered contractors.', 'Belongs to SYNDICATE_021 (10 members) controlling 21 projects.', 'Contractor syndicate holds INR 120,740,000 in sanctioned public funds.', 'Entity directly holds 3 project(s) totaling INR 20,220,000.']"
V000623,Contractor Company 000623,BANK000021,SYNDICATE_021,10,3,19830000,120740000,78.71,"['Shares bank account BANK000021 with 9 other registered contractors.', 'Belongs to SYNDICATE_021 (10 members) controlling 21 projects.', 'Contractor syndicate holds INR 120,740,000 in sanctioned public funds.', 'Entity directly holds 3 project(s) totaling INR 19,830,000.']"
V000462,Contractor Company 000462,BANK000021,SYNDICATE_021,10,5,19670000,120740000,78.71,"['Shares bank account BANK000021 with 9 other registered contractors.', 'Belongs to SYNDICATE_021 (10 members) controlling 21 projects.', 'Contractor syndicate holds INR 120,740,000 in sanctioned public funds.', 'Entity directly holds 5 project(s) totaling INR 19,670,000.']"
V000193,Contractor Company 000193,BANK000021,SYNDICATE_021,10,2,9290000,120740000,78.71,"['Shares bank account BANK000021 with 9 other registered contractors.', 'Belongs to SYNDICATE_021 (10 members) controlling 21 projects.', 'Contractor syndicate holds INR 120,740,000 in sanctioned public funds.', 'Entity directly holds 2 project(s) totaling INR 9,290,000.']"
V000256,Contractor Company 000256,BANK000021,SYNDICATE_021,10,1,9160000,120740000,78.71,"['Shares bank account BANK000021 with 9 other registered contractors.', 'Belongs to SYNDICATE_021 (10 members) controlling 21 projects.', 'Contractor syndicate holds INR 120,740,000 in sanctioned public funds.', 'Entity directly holds 1 project(s) totaling INR 9,160,000.']"
V000990,Contractor Company 000990,BANK000021,SYNDICATE_021,10,1,7740000,120740000,78.71,"['Shares bank account BANK000021 with 9 other registered contractors.', 'Belongs to SYNDICATE_021 (10 members) controlling 21 projects.', 'Contractor syndicate holds INR 120,740,000 in sanctioned public funds.', 'Entity directly holds 1 project(s) totaling INR 7,740,000.']"
V000993,Contractor Company 000993,BANK000021,SYNDICATE_021,10,1,4960000,120740000,78.71,"['Shares bank account BANK000021 with 9 other registered contractors.', 'Belongs to SYNDICATE_021 (10 members) controlling 21 projects.', 'Contractor syndicate holds INR 120,740,000 in sanctioned public funds.', 'Entity directly holds 1 project(s) totaling INR 4,960,000.']"
V000009,Contractor Company 000009,BANK000021,SYNDICATE_021,10,1,4080000,120740000,78.71,"['Shares bank account BANK000021 with 9 other registered contractors.', 'Belongs to SYNDICATE_021 (10 members) controlling 21 projects.', 'Contractor syndicate holds INR 120,740,000 in sanctioned public funds.', 'Entity directly holds 1 project(s) totaling INR 4,080,000.']"
V000551,Contractor Company 000551,BANK000021,SYNDICATE_021,10,0,0,120740000,78.71,"['Shares bank account BANK000021 with 9 other registered contractors.', 'Belongs to SYNDICATE_021 (10 members) controlling 21 projects.', 'Contractor syndicate holds INR 120,740,000 in sanctioned public funds.', 'Entity directly holds 0 project(s) totaling INR 0.']"
V000218,Contractor Company 000218,BANK000036,SYNDICATE_036,10,3,22090000,119370000,78.54,"['Shares bank account BANK000036 with 9 other registered contractors.', 'Belongs to SYNDICATE_036 (10 members) controlling 20 projects.', 'Contractor syndicate holds INR 119,370,000 in sanctioned public funds.', 'Entity directly holds 3 project(s) totaling INR 22,090,000.']"
V000966,Contractor Company 000966,BANK000036,SYNDICATE_036,10,4,19800000,119370000,78.54,"['Shares bank account BANK000036 with 9 other registered contractors.', 'Belongs to SYNDICATE_036 (10 members) controlling 20 projects.', 'Contractor syndicate holds INR 119,370,000 in sanctioned public funds.', 'Entity directly holds 4 project(s) totaling INR 19,800,000.']"
V000971,Contractor Company 000971,BANK000036,SYNDICATE_036,10,3,19710000,119370000,78.54,"['Shares bank account BANK000036 with 9 other registered contractors.', 'Belongs to SYNDICATE_036 (10 members) controlling 20 projects.', 'Contractor syndicate holds INR 119,370,000 in sanctioned public funds.', 'Entity directly holds 3 project(s) totaling INR 19,710,000.']"
V000141,Contractor Company 000141,BANK000036,SYNDICATE_036,10,3,18890000,119370000,78.54,"['Shares bank account BANK000036 with 9 other registered contractors.', 'Belongs to SYNDICATE_036 (10 members) controlling 20 projects.', 'Contractor syndicate holds INR 119,370,000 in sanctioned public funds.', 'Entity directly holds 3 project(s) totaling INR 18,890,000.']"
V000333,Contractor Company 000333,BANK000036,SYNDICATE_036,10,2,9940000,119370000,78.54,"['Shares bank account BANK000036 with 9 other registered contractors.', 'Belongs to SYNDICATE_036 (10 members) controlling 20 projects.', 'Contractor syndicate holds INR 119,370,000 in sanctioned public funds.', 'Entity directly holds 2 project(s) totaling INR 9,940,000.']"
V000571,Contractor Company 000571,BANK000036,SYNDICATE_036,10,2,8790000,119370000,78.54,"['Shares bank account BANK000036 with 9 other registered contractors.', 'Belongs to SYNDICATE_036 (10 members) controlling 20 projects.', 'Contractor syndicate holds INR 119,370,000 in sanctioned public funds.', 'Entity directly holds 2 project(s) totaling INR 8,790,000.']"
V000648,Contractor Company 000648,BANK000036,SYNDICATE_036,10,1,7460000,119370000,78.54,"['Shares bank account BANK000036 with 9 other registered contractors.', 'Belongs to SYNDICATE_036 (10 members) controlling 20 projects.', 'Contractor syndicate holds INR 119,370,000 in sanctioned public funds.', 'Entity directly holds 1 project(s) totaling INR 7,460,000.']"
V000863,Contractor Company 000863,BANK000036,SYNDICATE_036,10,1,6460000,119370000,78.54,"['Shares bank account BANK000036 with 9 other registered contractors.', 'Belongs to SYNDICATE_036 (10 members) controlling 20 projects.', 'Contractor syndicate holds INR 119,370,000 in sanctioned public funds.', 'Entity directly holds 1 project(s) totaling INR 6,460,000.']"
V000358,Contractor Company 000358,BANK000036,SYNDICATE_036,10,1,6230000,119370000,78.54,"['Shares bank account BANK000036 with 9 other registered contractors.', 'Belongs to SYNDICATE_036 (10 members) controlling 20 projects.', 'Contractor syndicate holds INR 119,370,000 in sanctioned public funds.', 'Entity directly holds 1 project(s) totaling INR 6,230,000.']"
V000300,Contractor Company 000300,BANK000036,SYNDICATE_036,10,0,0,119370000,78.54,"['Shares bank account BANK000036 with 9 other registered contractors.', 'Belongs to SYNDICATE_036 (10 members) controlling 20 projects.', 'Contractor syndicate holds INR 119,370,000 in sanctioned public funds.', 'Entity directly holds 0 project(s) totaling INR 0.']"
V000947,Contractor Company 000947,BANK000022,SYNDICATE_022,11,5,32710000,104170000,78.39,"['Shares bank account BANK000022 with 10 other registered contractors.', 'Belongs to SYNDICATE_022 (11 members) controlling 22 projects.', 'Contractor syndicate holds INR 104,170,000 in sanctioned public funds.', 'Entity directly holds 5 project(s) totaling INR 32,710,000.']"
V000567,Contractor Company 000567,BANK000022,SYNDICATE_022,11,4,22650000,104170000,78.39,"['Shares bank account BANK000022 with 10 other registered contractors.', 'Belongs to SYNDICATE_022 (11 members) controlling 22 projects.', 'Contractor syndicate holds INR 104,170,000 in sanctioned public funds.', 'Entity directly holds 4 project(s) totaling INR 22,650,000.']"
V000912,Contractor Company 000912,BANK000022,SYNDICATE_022,11,3,9500000,104170000,78.39,"['Shares bank account BANK000022 with 10 other registered contractors.', 'Belongs to SYNDICATE_022 (11 members) controlling 22 projects.', 'Contractor syndicate holds INR 104,170,000 in sanctioned public funds.', 'Entity directly holds 3 project(s) totaling INR 9,500,000.']"
V000244,Contractor Company 000244,BANK000022,SYNDICATE_022,11,2,7610000,104170000,78.39,"['Shares bank account BANK000022 with 10 other registered contractors.', 'Belongs to SYNDICATE_022 (11 members) controlling 22 projects.', 'Contractor syndicate holds INR 104,170,000 in sanctioned public funds.', 'Entity directly holds 2 project(s) totaling INR 7,610,000.']"
V000524,Contractor Company 000524,BANK000022,SYNDICATE_022,11,2,7460000,104170000,78.39,"['Shares bank account BANK000022 with 10 other registered contractors.', 'Belongs to SYNDICATE_022 (11 members) controlling 22 projects.', 'Contractor syndicate holds INR 104,170,000 in sanctioned public funds.', 'Entity directly holds 2 project(s) totaling INR 7,460,000.']"
V000176,Contractor Company 000176,BANK000022,SYNDICATE_022,11,1,7060000,104170000,78.39,"['Shares bank account BANK000022 with 10 other registered contractors.', 'Belongs to SYNDICATE_022 (11 members) controlling 22 projects.', 'Contractor syndicate holds INR 104,170,000 in sanctioned public funds.', 'Entity directly holds 1 project(s) totaling INR 7,060,000.']"
V000893,Contractor Company 000893,BANK000022,SYNDICATE_022,11,1,6150000,104170000,78.39,"['Shares bank account BANK000022 with 10 other registered contractors.', 'Belongs to SYNDICATE_022 (11 members) controlling 22 projects.', 'Contractor syndicate holds INR 104,170,000 in sanctioned public funds.', 'Entity directly holds 1 project(s) totaling INR 6,150,000.']"
V000963,Contractor Company 000963,BANK000022,SYNDICATE_022,11,2,6090000,104170000,78.39,"['Shares bank account BANK000022 with 10 other registered contractors.', 'Belongs to SYNDICATE_022 (11 members) controlling 22 projects.', 'Contractor syndicate holds INR 104,170,000 in sanctioned public funds.', 'Entity directly holds 2 project(s) totaling INR 6,090,000.']"
V000792,Contractor Company 000792,BANK000022,SYNDICATE_022,11,1,2480000,104170000,78.39,"['Shares bank account BANK000022 with 10 other registered contractors.', 'Belongs to SYNDICATE_022 (11 members) controlling 22 projects.', 'Contractor syndicate holds INR 104,170,000 in sanctioned public funds.', 'Entity directly holds 1 project(s) totaling INR 2,480,000.']"
V000100,Contractor Company 000100,BANK000022,SYNDICATE_022,11,1,2460000,104170000,78.39,"['Shares bank account BANK000022 with 10 other registered contractors.', 'Belongs to SYNDICATE_022 (11 members) controlling 22 projects.', 'Contractor syndicate holds INR 104,170,000 in sanctioned public funds.', 'Entity directly holds 1 project(s) totaling INR 2,460,000.']"
V000711,Contractor Company 000711,BANK000022,SYNDICATE_022,11,0,0,104170000,78.39,"['Shares bank account BANK000022 with 10 other registered contractors.', 'Belongs to SYNDICATE_022 (11 members) controlling 22 projects.', 'Contractor syndicate holds INR 104,170,000 in sanctioned public funds.', 'Entity directly holds 0 project(s) totaling INR 0.']"
V000596,Contractor Company 000596,BANK000042,SYNDICATE_042,10,3,15360000,97660000,77.83,"['Shares bank account BANK000042 with 9 other registered contractors.', 'Belongs to SYNDICATE_042 (10 members) controlling 20 projects.', 'Contractor syndicate holds INR 97,660,000 in sanctioned public funds.', 'Entity directly holds 3 project(s) totaling INR 15,360,000.']"
V000967,Contractor Company 000967,BANK000042,SYNDICATE_042,10,3,14210000,97660000,77.83,"['Shares bank account BANK000042 with 9 other registered contractors.', 'Belongs to SYNDICATE_042 (10 members) controlling 20 projects.', 'Contractor syndicate holds INR 97,660,000 in sanctioned public funds.', 'Entity directly holds 3 project(s) totaling INR 14,210,000.']"
V000924,Contractor Company 000924,BANK000042,SYNDICATE_042,10,2,13750000,97660000,77.83,"['Shares bank account BANK000042 with 9 other registered contractors.', 'Belongs to SYNDICATE_042 (10 members) controlling 20 projects.', 'Contractor syndicate holds INR 97,660,000 in sanctioned public funds.', 'Entity directly holds 2 project(s) totaling INR 13,750,000.']"
V000670,Contractor Company 000670,BANK000042,SYNDICATE_042,10,2,9120000,97660000,77.83,"['Shares bank account BANK000042 with 9 other registered contractors.', 'Belongs to SYNDICATE_042 (10 members) controlling 20 projects.', 'Contractor syndicate holds INR 97,660,000 in sanctioned public funds.', 'Entity directly holds 2 project(s) totaling INR 9,120,000.']"
V000777,Contractor Company 000777,BANK000042,SYNDICATE_042,10,2,9100000,97660000,77.83,"['Shares bank account BANK000042 with 9 other registered contractors.', 'Belongs to SYNDICATE_042 (10 members) controlling 20 projects.', 'Contractor syndicate holds INR 97,660,000 in sanctioned public funds.', 'Entity directly holds 2 project(s) totaling INR 9,100,000.']"
V000622,Contractor Company 000622,BANK000042,SYNDICATE_042,10,1,8880000,97660000,77.83,"['Shares bank account BANK000042 with 9 other registered contractors.', 'Belongs to SYNDICATE_042 (10 members) controlling 20 projects.', 'Contractor syndicate holds INR 97,660,000 in sanctioned public funds.', 'Entity directly holds 1 project(s) totaling INR 8,880,000.']"
V000422,Contractor Company 000422,BANK000042,SYNDICATE_042,10,1,8510000,97660000,77.83,"['Shares bank account BANK000042 with 9 other registered contractors.', 'Belongs to SYNDICATE_042 (10 members) controlling 20 projects.', 'Contractor syndicate holds INR 97,660,000 in sanctioned public funds.', 'Entity directly holds 1 project(s) totaling INR 8,510,000.']"
V000319,Contractor Company 000319,BANK000042,SYNDICATE_042,10,1,7640000,97660000,77.83,"['Shares bank account BANK000042 with 9 other registered contractors.', 'Belongs to SYNDICATE_042 (10 members) controlling 20 projects.', 'Contractor syndicate holds INR 97,660,000 in sanctioned public funds.', 'Entity directly holds 1 project(s) totaling INR 7,640,000.']"
V000121,Contractor Company 000121,BANK000042,SYNDICATE_042,10,3,5930000,97660000,77.83,"['Shares bank account BANK000042 with 9 other registered contractors.', 'Belongs to SYNDICATE_042 (10 members) controlling 20 projects.', 'Contractor syndicate holds INR 97,660,000 in sanctioned public funds.', 'Entity directly holds 3 project(s) totaling INR 5,930,000.']"
V000643,Contractor Company 000643,BANK000042,SYNDICATE_042,10,2,5160000,97660000,77.83,"['Shares bank account BANK000042 with 9 other registered contractors.', 'Belongs to SYNDICATE_042 (10 members) controlling 20 projects.', 'Contractor syndicate holds INR 97,660,000 in sanctioned public funds.', 'Entity directly holds 2 project(s) totaling INR 5,160,000.']"
V000655,Contractor Company 000655,BANK000038,SYNDICATE_038,10,5,30290000,111670000,77.58,"['Shares bank account BANK000038 with 9 other registered contractors.', 'Belongs to SYNDICATE_038 (10 members) controlling 22 projects.', 'Contractor syndicate holds INR 111,670,000 in sanctioned public funds.', 'Entity directly holds 5 project(s) totaling INR 30,290,000.']"
V000169,Contractor Company 000169,BANK000038,SYNDICATE_038,10,3,17790000,111670000,77.58,"['Shares bank account BANK000038 with 9 other registered contractors.', 'Belongs to SYNDICATE_038 (10 members) controlling 22 projects.', 'Contractor syndicate holds INR 111,670,000 in sanctioned public funds.', 'Entity directly holds 3 project(s) totaling INR 17,790,000.']"
V000384,Contractor Company 000384,BANK000038,SYNDICATE_038,10,3,15230000,111670000,77.58,"['Shares bank account BANK000038 with 9 other registered contractors.', 'Belongs to SYNDICATE_038 (10 members) controlling 22 projects.', 'Contractor syndicate holds INR 111,670,000 in sanctioned public funds.', 'Entity directly holds 3 project(s) totaling INR 15,230,000.']"
V000594,Contractor Company 000594,BANK000038,SYNDICATE_038,10,4,14890000,111670000,77.58,"['Shares bank account BANK000038 with 9 other registered contractors.', 'Belongs to SYNDICATE_038 (10 members) controlling 22 projects.', 'Contractor syndicate holds INR 111,670,000 in sanctioned public funds.', 'Entity directly holds 4 project(s) totaling INR 14,890,000.']"
V000393,Contractor Company 000393,BANK000038,SYNDICATE_038,10,2,10310000,111670000,77.58,"['Shares bank account BANK000038 with 9 other registered contractors.', 'Belongs to SYNDICATE_038 (10 members) controlling 22 projects.', 'Contractor syndicate holds INR 111,670,000 in sanctioned public funds.', 'Entity directly holds 2 project(s) totaling INR 10,310,000.']"
V000130,Contractor Company 000130,BANK000038,SYNDICATE_038,10,1,9960000,111670000,77.58,"['Shares bank account BANK000038 with 9 other registered contractors.', 'Belongs to SYNDICATE_038 (10 members) controlling 22 projects.', 'Contractor syndicate holds INR 111,670,000 in sanctioned public funds.', 'Entity directly holds 1 project(s) totaling INR 9,960,000.']"
V000246,Contractor Company 000246,BANK000038,SYNDICATE_038,10,2,7970000,111670000,77.58,"['Shares bank account BANK000038 with 9 other registered contractors.', 'Belongs to SYNDICATE_038 (10 members) controlling 22 projects.', 'Contractor syndicate holds INR 111,670,000 in sanctioned public funds.', 'Entity directly holds 2 project(s) totaling INR 7,970,000.']"
V000274,Contractor Company 000274,BANK000038,SYNDICATE_038,10,1,4360000,111670000,77.58,"['Shares bank account BANK000038 with 9 other registered contractors.', 'Belongs to SYNDICATE_038 (10 members) controlling 22 projects.', 'Contractor syndicate holds INR 111,670,000 in sanctioned public funds.', 'Entity directly holds 1 project(s) totaling INR 4,360,000.']"
V000699,Contractor Company 000699,BANK000038,SYNDICATE_038,10,1,870000,111670000,77.58,"['Shares bank account BANK000038 with 9 other registered contractors.', 'Belongs to SYNDICATE_038 (10 members) controlling 22 projects.', 'Contractor syndicate holds INR 111,670,000 in sanctioned public funds.', 'Entity directly holds 1 project(s) totaling INR 870,000.']"
V000506,Contractor Company 000506,BANK000038,SYNDICATE_038,10,0,0,111670000,77.58,"['Shares bank account BANK000038 with 9 other registered contractors.', 'Belongs to SYNDICATE_038 (10 members) controlling 22 projects.', 'Contractor syndicate holds INR 111,670,000 in sanctioned public funds.', 'Entity directly holds 0 project(s) totaling INR 0.']"
V000894,Contractor Company 000894,BANK000073,SYNDICATE_073,10,6,36650000,109760000,77.34,"['Shares bank account BANK000073 with 9 other registered contractors.', 'Belongs to SYNDICATE_073 (10 members) controlling 21 projects.', 'Contractor syndicate holds INR 109,760,000 in sanctioned public funds.', 'Entity directly holds 6 project(s) totaling INR 36,650,000.']"
V000830,Contractor Company 000830,BANK000073,SYNDICATE_073,10,6,35920000,109760000,77.34,"['Shares bank account BANK000073 with 9 other registered contractors.', 'Belongs to SYNDICATE_073 (10 members) controlling 21 projects.', 'Contractor syndicate holds INR 109,760,000 in sanctioned public funds.', 'Entity directly holds 6 project(s) totaling INR 35,920,000.']"
V000826,Contractor Company 000826,BANK000073,SYNDICATE_073,10,3,18500000,109760000,77.34,"['Shares bank account BANK000073 with 9 other registered contractors.', 'Belongs to SYNDICATE_073 (10 members) controlling 21 projects.', 'Contractor syndicate holds INR 109,760,000 in sanctioned public funds.', 'Entity directly holds 3 project(s) totaling INR 18,500,000.']"
V000576,Contractor Company 000576,BANK000073,SYNDICATE_073,10,1,6660000,109760000,77.34,"['Shares bank account BANK000073 with 9 other registered contractors.', 'Belongs to SYNDICATE_073 (10 members) controlling 21 projects.', 'Contractor syndicate holds INR 109,760,000 in sanctioned public funds.', 'Entity directly holds 1 project(s) totaling INR 6,660,000.']"
V000685,Contractor Company 000685,BANK000073,SYNDICATE_073,10,1,4500000,109760000,77.34,"['Shares bank account BANK000073 with 9 other registered contractors.', 'Belongs to SYNDICATE_073 (10 members) controlling 21 projects.', 'Contractor syndicate holds INR 109,760,000 in sanctioned public funds.', 'Entity directly holds 1 project(s) totaling INR 4,500,000.']"
V000717,Contractor Company 000717,BANK000073,SYNDICATE_073,10,1,4160000,109760000,77.34,"['Shares bank account BANK000073 with 9 other registered contractors.', 'Belongs to SYNDICATE_073 (10 members) controlling 21 projects.', 'Contractor syndicate holds INR 109,760,000 in sanctioned public funds.', 'Entity directly holds 1 project(s) totaling INR 4,160,000.']"
V000162,Contractor Company 000162,BANK000073,SYNDICATE_073,10,1,1940000,109760000,77.34,"['Shares bank account BANK000073 with 9 other registered contractors.', 'Belongs to SYNDICATE_073 (10 members) controlling 21 projects.', 'Contractor syndicate holds INR 109,760,000 in sanctioned public funds.', 'Entity directly holds 1 project(s) totaling INR 1,940,000.']"
V000708,Contractor Company 000708,BANK000073,SYNDICATE_073,10,1,730000,109760000,77.34,"['Shares bank account BANK000073 with 9 other registered contractors.', 'Belongs to SYNDICATE_073 (10 members) controlling 21 projects.', 'Contractor syndicate holds INR 109,760,000 in sanctioned public funds.', 'Entity directly holds 1 project(s) totaling INR 730,000.']"
V000098,Contractor Company 000098,BANK000073,SYNDICATE_073,10,1,700000,109760000,77.34,"['Shares bank account BANK000073 with 9 other registered contractors.', 'Belongs to SYNDICATE_073 (10 members) controlling 21 projects.', 'Contractor syndicate holds INR 109,760,000 in sanctioned public funds.', 'Entity directly holds 1 project(s) totaling INR 700,000.']"
V000965,Contractor Company 000965,BANK000073,SYNDICATE_073,10,0,0,109760000,77.34,"['Shares bank account BANK000073 with 9 other registered contractors.', 'Belongs to SYNDICATE_073 (10 members) controlling 21 projects.', 'Contractor syndicate holds INR 109,760,000 in sanctioned public funds.', 'Entity directly holds 0 project(s) totaling INR 0.']"
V000710,Contractor Company 000710,BANK000074,SYNDICATE_074,12,3,18320000,108620000,77.33,"['Shares bank account BANK000074 with 11 other registered contractors.', 'Belongs to SYNDICATE_074 (12 members) controlling 18 projects.', 'Contractor syndicate holds INR 108,620,000 in sanctioned public funds.', 'Entity directly holds 3 project(s) totaling INR 18,320,000.']"
V000968,Contractor Company 000968,BANK000074,SYNDICATE_074,12,2,17370000,108620000,77.33,"['Shares bank account BANK000074 with 11 other registered contractors.', 'Belongs to SYNDICATE_074 (12 members) controlling 18 projects.', 'Contractor syndicate holds INR 108,620,000 in sanctioned public funds.', 'Entity directly holds 2 project(s) totaling INR 17,370,000.']"
V000858,Contractor Company 000858,BANK000074,SYNDICATE_074,12,3,17360000,108620000,77.33,"['Shares bank account BANK000074 with 11 other registered contractors.', 'Belongs to SYNDICATE_074 (12 members) controlling 18 projects.', 'Contractor syndicate holds INR 108,620,000 in sanctioned public funds.', 'Entity directly holds 3 project(s) totaling INR 17,360,000.']"
V000922,Contractor Company 000922,BANK000074,SYNDICATE_074,12,3,16740000,108620000,77.33,"['Shares bank account BANK000074 with 11 other registered contractors.', 'Belongs to SYNDICATE_074 (12 members) controlling 18 projects.', 'Contractor syndicate holds INR 108,620,000 in sanctioned public funds.', 'Entity directly holds 3 project(s) totaling INR 16,740,000.']"
V000672,Contractor Company 000672,BANK000074,SYNDICATE_074,12,2,13770000,108620000,77.33,"['Shares bank account BANK000074 with 11 other registered contractors.', 'Belongs to SYNDICATE_074 (12 members) controlling 18 projects.', 'Contractor syndicate holds INR 108,620,000 in sanctioned public funds.', 'Entity directly holds 2 project(s) totaling INR 13,770,000.']"
V000953,Contractor Company 000953,BANK000074,SYNDICATE_074,12,2,11830000,108620000,77.33,"['Shares bank account BANK000074 with 11 other registered contractors.', 'Belongs to SYNDICATE_074 (12 members) controlling 18 projects.', 'Contractor syndicate holds INR 108,620,000 in sanctioned public funds.', 'Entity directly holds 2 project(s) totaling INR 11,830,000.']"
V000748,Contractor Company 000748,BANK000074,SYNDICATE_074,12,1,7640000,108620000,77.33,"['Shares bank account BANK000074 with 11 other registered contractors.', 'Belongs to SYNDICATE_074 (12 members) controlling 18 projects.', 'Contractor syndicate holds INR 108,620,000 in sanctioned public funds.', 'Entity directly holds 1 project(s) totaling INR 7,640,000.']"
V000986,Contractor Company 000986,BANK000074,SYNDICATE_074,12,1,2920000,108620000,77.33,"['Shares bank account BANK000074 with 11 other registered contractors.', 'Belongs to SYNDICATE_074 (12 members) controlling 18 projects.', 'Contractor syndicate holds INR 108,620,000 in sanctioned public funds.', 'Entity directly holds 1 project(s) totaling INR 2,920,000.']"
V000560,Contractor Company 000560,BANK000074,SYNDICATE_074,12,1,2670000,108620000,77.33,"['Shares bank account BANK000074 with 11 other registered contractors.', 'Belongs to SYNDICATE_074 (12 members) controlling 18 projects.', 'Contractor syndicate holds INR 108,620,000 in sanctioned public funds.', 'Entity directly holds 1 project(s) totaling INR 2,670,000.']"
V000392,Contractor Company 000392,BANK000074,SYNDICATE_074,12,0,0,108620000,77.33,"['Shares bank account BANK000074 with 11 other registered contractors.', 'Belongs to SYNDICATE_074 (12 members) controlling 18 projects.', 'Contractor syndicate holds INR 108,620,000 in sanctioned public funds.', 'Entity directly holds 0 project(s) totaling INR 0.']"
V000636,Contractor Company 000636,BANK000074,SYNDICATE_074,12,0,0,108620000,77.33,"['Shares bank account BANK000074 with 11 other registered contractors.', 'Belongs to SYNDICATE_074 (12 members) controlling 18 projects.', 'Contractor syndicate holds INR 108,620,000 in sanctioned public funds.', 'Entity directly holds 0 project(s) totaling INR 0.']"
V000876,Contractor Company 000876,BANK000074,SYNDICATE_074,12,0,0,108620000,77.33,"['Shares bank account BANK000074 with 11 other registered contractors.', 'Belongs to SYNDICATE_074 (12 members) controlling 18 projects.', 'Contractor syndicate holds INR 108,620,000 in sanctioned public funds.', 'Entity directly holds 0 project(s) totaling INR 0.']"
V000044,Contractor Company 000044,BANK000097,SYNDICATE_097,10,4,36520000,107860000,77.1,"['Shares bank account BANK000097 with 9 other registered contractors.', 'Belongs to SYNDICATE_097 (10 members) controlling 17 projects.', 'Contractor syndicate holds INR 107,860,000 in sanctioned public funds.', 'Entity directly holds 4 project(s) totaling INR 36,520,000.']"
V000456,Contractor Company 000456,BANK000097,SYNDICATE_097,10,3,12870000,107860000,77.1,"['Shares bank account BANK000097 with 9 other registered contractors.', 'Belongs to SYNDICATE_097 (10 members) controlling 17 projects.', 'Contractor syndicate holds INR 107,860,000 in sanctioned public funds.', 'Entity directly holds 3 project(s) totaling INR 12,870,000.']"
V000409,Contractor Company 000409,BANK000097,SYNDICATE_097,10,2,12800000,107860000,77.1,"['Shares bank account BANK000097 with 9 other registered contractors.', 'Belongs to SYNDICATE_097 (10 members) controlling 17 projects.', 'Contractor syndicate holds INR 107,860,000 in sanctioned public funds.', 'Entity directly holds 2 project(s) totaling INR 12,800,000.']"
V000281,Contractor Company 000281,BANK000097,SYNDICATE_097,10,2,10910000,107860000,77.1,"['Shares bank account BANK000097 with 9 other registered contractors.', 'Belongs to SYNDICATE_097 (10 members) controlling 17 projects.', 'Contractor syndicate holds INR 107,860,000 in sanctioned public funds.', 'Entity directly holds 2 project(s) totaling INR 10,910,000.']"
V000704,Contractor Company 000704,BANK000097,SYNDICATE_097,10,1,9680000,107860000,77.1,"['Shares bank account BANK000097 with 9 other registered contractors.', 'Belongs to SYNDICATE_097 (10 members) controlling 17 projects.', 'Contractor syndicate holds INR 107,860,000 in sanctioned public funds.', 'Entity directly holds 1 project(s) totaling INR 9,680,000.']"
V000692,Contractor Company 000692,BANK000097,SYNDICATE_097,10,2,9650000,107860000,77.1,"['Shares bank account BANK000097 with 9 other registered contractors.', 'Belongs to SYNDICATE_097 (10 members) controlling 17 projects.', 'Contractor syndicate holds INR 107,860,000 in sanctioned public funds.', 'Entity directly holds 2 project(s) totaling INR 9,650,000.']"
V000774,Contractor Company 000774,BANK000097,SYNDICATE_097,10,1,6920000,107860000,77.1,"['Shares bank account BANK000097 with 9 other registered contractors.', 'Belongs to SYNDICATE_097 (10 members) controlling 17 projects.', 'Contractor syndicate holds INR 107,860,000 in sanctioned public funds.', 'Entity directly holds 1 project(s) totaling INR 6,920,000.']"
V000202,Contractor Company 000202,BANK000097,SYNDICATE_097,10,1,6630000,107860000,77.1,"['Shares bank account BANK000097 with 9 other registered contractors.', 'Belongs to SYNDICATE_097 (10 members) controlling 17 projects.', 'Contractor syndicate holds INR 107,860,000 in sanctioned public funds.', 'Entity directly holds 1 project(s) totaling INR 6,630,000.']"
V000970,Contractor Company 000970,BANK000097,SYNDICATE_097,10,1,1880000,107860000,77.1,"['Shares bank account BANK000097 with 9 other registered contractors.', 'Belongs to SYNDICATE_097 (10 members) controlling 17 projects.', 'Contractor syndicate holds INR 107,860,000 in sanctioned public funds.', 'Entity directly holds 1 project(s) totaling INR 1,880,000.']"
V000090,Contractor Company 000090,BANK000097,SYNDICATE_097,10,0,0,107860000,77.1,"['Shares bank account BANK000097 with 9 other registered contractors.', 'Belongs to SYNDICATE_097 (10 members) controlling 17 projects.', 'Contractor syndicate holds INR 107,860,000 in sanctioned public funds.', 'Entity directly holds 0 project(s) totaling INR 0.']"
V000493,Contractor Company 000493,BANK000068,SYNDICATE_068,10,4,32270000,107760000,77.09,"['Shares bank account BANK000068 with 9 other registered contractors.', 'Belongs to SYNDICATE_068 (10 members) controlling 17 projects.', 'Contractor syndicate holds INR 107,760,000 in sanctioned public funds.', 'Entity directly holds 4 project(s) totaling INR 32,270,000.']"
V000402,Contractor Company 000402,BANK000068,SYNDICATE_068,10,2,16010000,107760000,77.09,"['Shares bank account BANK000068 with 9 other registered contractors.', 'Belongs to SYNDICATE_068 (10 members) controlling 17 projects.', 'Contractor syndicate holds INR 107,760,000 in sanctioned public funds.', 'Entity directly holds 2 project(s) totaling INR 16,010,000.']"
V000707,Contractor Company 000707,BANK000068,SYNDICATE_068,10,3,15740000,107760000,77.09,"['Shares bank account BANK000068 with 9 other registered contractors.', 'Belongs to SYNDICATE_068 (10 members) controlling 17 projects.', 'Contractor syndicate holds INR 107,760,000 in sanctioned public funds.', 'Entity directly holds 3 project(s) totaling INR 15,740,000.']"
V000731,Contractor Company 000731,BANK000068,SYNDICATE_068,10,3,13390000,107760000,77.09,"['Shares bank account BANK000068 with 9 other registered contractors.', 'Belongs to SYNDICATE_068 (10 members) controlling 17 projects.', 'Contractor syndicate holds INR 107,760,000 in sanctioned public funds.', 'Entity directly holds 3 project(s) totaling INR 13,390,000.']"
V000926,Contractor Company 000926,BANK000068,SYNDICATE_068,10,1,8970000,107760000,77.09,"['Shares bank account BANK000068 with 9 other registered contractors.', 'Belongs to SYNDICATE_068 (10 members) controlling 17 projects.', 'Contractor syndicate holds INR 107,760,000 in sanctioned public funds.', 'Entity directly holds 1 project(s) totaling INR 8,970,000.']"
V000805,Contractor Company 000805,BANK000068,SYNDICATE_068,10,1,8500000,107760000,77.09,"['Shares bank account BANK000068 with 9 other registered contractors.', 'Belongs to SYNDICATE_068 (10 members) controlling 17 projects.', 'Contractor syndicate holds INR 107,760,000 in sanctioned public funds.', 'Entity directly holds 1 project(s) totaling INR 8,500,000.']"
V000559,Contractor Company 000559,BANK000068,SYNDICATE_068,10,1,4890000,107760000,77.09,"['Shares bank account BANK000068 with 9 other registered contractors.', 'Belongs to SYNDICATE_068 (10 members) controlling 17 projects.', 'Contractor syndicate holds INR 107,760,000 in sanctioned public funds.', 'Entity directly holds 1 project(s) totaling INR 4,890,000.']"
V000248,Contractor Company 000248,BANK000068,SYNDICATE_068,10,1,4260000,107760000,77.09,"['Shares bank account BANK000068 with 9 other registered contractors.', 'Belongs to SYNDICATE_068 (10 members) controlling 17 projects.', 'Contractor syndicate holds INR 107,760,000 in sanctioned public funds.', 'Entity directly holds 1 project(s) totaling INR 4,260,000.']"
V000428,Contractor Company 000428,BANK000068,SYNDICATE_068,10,1,3730000,107760000,77.09,"['Shares bank account BANK000068 with 9 other registered contractors.', 'Belongs to SYNDICATE_068 (10 members) controlling 17 projects.', 'Contractor syndicate holds INR 107,760,000 in sanctioned public funds.', 'Entity directly holds 1 project(s) totaling INR 3,730,000.']"
V000492,Contractor Company 000492,BANK000068,SYNDICATE_068,10,0,0,107760000,77.09,"['Shares bank account BANK000068 with 9 other registered contractors.', 'Belongs to SYNDICATE_068 (10 members) controlling 17 projects.', 'Contractor syndicate holds INR 107,760,000 in sanctioned public funds.', 'Entity directly holds 0 project(s) totaling INR 0.']"
V000410,Contractor Company 000410,BANK000088,SYNDICATE_088,12,8,31140000,110760000,75.92,"['Shares bank account BANK000088 with 11 other registered contractors.', 'Belongs to SYNDICATE_088 (12 members) controlling 25 projects.', 'Contractor syndicate holds INR 110,760,000 in sanctioned public funds.', 'Entity directly holds 8 project(s) totaling INR 31,140,000.']"
V000666,Contractor Company 000666,BANK000088,SYNDICATE_088,12,4,22630000,110760000,75.92,"['Shares bank account BANK000088 with 11 other registered contractors.', 'Belongs to SYNDICATE_088 (12 members) controlling 25 projects.', 'Contractor syndicate holds INR 110,760,000 in sanctioned public funds.', 'Entity directly holds 4 project(s) totaling INR 22,630,000.']"
V000697,Contractor Company 000697,BANK000088,SYNDICATE_088,12,4,13930000,110760000,75.92,"['Shares bank account BANK000088 with 11 other registered contractors.', 'Belongs to SYNDICATE_088 (12 members) controlling 25 projects.', 'Contractor syndicate holds INR 110,760,000 in sanctioned public funds.', 'Entity directly holds 4 project(s) totaling INR 13,930,000.']"
V000859,Contractor Company 000859,BANK000088,SYNDICATE_088,12,3,13630000,110760000,75.92,"['Shares bank account BANK000088 with 11 other registered contractors.', 'Belongs to SYNDICATE_088 (12 members) controlling 25 projects.', 'Contractor syndicate holds INR 110,760,000 in sanctioned public funds.', 'Entity directly holds 3 project(s) totaling INR 13,630,000.']"
V000329,Contractor Company 000329,BANK000088,SYNDICATE_088,12,2,13000000,110760000,75.92,"['Shares bank account BANK000088 with 11 other registered contractors.', 'Belongs to SYNDICATE_088 (12 members) controlling 25 projects.', 'Contractor syndicate holds INR 110,760,000 in sanctioned public funds.', 'Entity directly holds 2 project(s) totaling INR 13,000,000.']"
V000728,Contractor Company 000728,BANK000088,SYNDICATE_088,12,2,7650000,110760000,75.92,"['Shares bank account BANK000088 with 11 other registered contractors.', 'Belongs to SYNDICATE_088 (12 members) controlling 25 projects.', 'Contractor syndicate holds INR 110,760,000 in sanctioned public funds.', 'Entity directly holds 2 project(s) totaling INR 7,650,000.']"
V000880,Contractor Company 000880,BANK000088,SYNDICATE_088,12,1,4640000,110760000,75.92,"['Shares bank account BANK000088 with 11 other registered contractors.', 'Belongs to SYNDICATE_088 (12 members) controlling 25 projects.', 'Contractor syndicate holds INR 110,760,000 in sanctioned public funds.', 'Entity directly holds 1 project(s) totaling INR 4,640,000.']"
V000026,Contractor Company 000026,BANK000088,SYNDICATE_088,12,1,4140000,110760000,75.92,"['Shares bank account BANK000088 with 11 other registered contractors.', 'Belongs to SYNDICATE_088 (12 members) controlling 25 projects.', 'Contractor syndicate holds INR 110,760,000 in sanctioned public funds.', 'Entity directly holds 1 project(s) totaling INR 4,140,000.']"
V000249,Contractor Company 000249,BANK000088,SYNDICATE_088,12,0,0,110760000,75.92,"['Shares bank account BANK000088 with 11 other registered contractors.', 'Belongs to SYNDICATE_088 (12 members) controlling 25 projects.', 'Contractor syndicate holds INR 110,760,000 in sanctioned public funds.', 'Entity directly holds 0 project(s) totaling INR 0.']"
V000303,Contractor Company 000303,BANK000088,SYNDICATE_088,12,0,0,110760000,75.92,"['Shares bank account BANK000088 with 11 other registered contractors.', 'Belongs to SYNDICATE_088 (12 members) controlling 25 projects.', 'Contractor syndicate holds INR 110,760,000 in sanctioned public funds.', 'Entity directly holds 0 project(s) totaling INR 0.']"
V000548,Contractor Company 000548,BANK000088,SYNDICATE_088,12,0,0,110760000,75.92,"['Shares bank account BANK000088 with 11 other registered contractors.', 'Belongs to SYNDICATE_088 (12 members) controlling 25 projects.', 'Contractor syndicate holds INR 110,760,000 in sanctioned public funds.', 'Entity directly holds 0 project(s) totaling INR 0.']"
V000815,Contractor Company 000815,BANK000088,SYNDICATE_088,12,0,0,110760000,75.92,"['Shares bank account BANK000088 with 11 other registered contractors.', 'Belongs to SYNDICATE_088 (12 members) controlling 25 projects.', 'Contractor syndicate holds INR 110,760,000 in sanctioned public funds.', 'Entity directly holds 0 project(s) totaling INR 0.']"
V000772,Contractor Company 000772,BANK000039,SYNDICATE_039,10,4,26790000,112010000,75.62,"['Shares bank account BANK000039 with 9 other registered contractors.', 'Belongs to SYNDICATE_039 (10 members) controlling 20 projects.', 'Contractor syndicate holds INR 112,010,000 in sanctioned public funds.', 'Entity directly holds 4 project(s) totaling INR 26,790,000.']"
V000293,Contractor Company 000293,BANK000039,SYNDICATE_039,10,4,23460000,112010000,75.62,"['Shares bank account BANK000039 with 9 other registered contractors.', 'Belongs to SYNDICATE_039 (10 members) controlling 20 projects.', 'Contractor syndicate holds INR 112,010,000 in sanctioned public funds.', 'Entity directly holds 4 project(s) totaling INR 23,460,000.']"
V000483,Contractor Company 000483,BANK000039,SYNDICATE_039,10,3,19370000,112010000,75.62,"['Shares bank account BANK000039 with 9 other registered contractors.', 'Belongs to SYNDICATE_039 (10 members) controlling 20 projects.', 'Contractor syndicate holds INR 112,010,000 in sanctioned public funds.', 'Entity directly holds 3 project(s) totaling INR 19,370,000.']"
V000693,Contractor Company 000693,BANK000039,SYNDICATE_039,10,3,15660000,112010000,75.62,"['Shares bank account BANK000039 with 9 other registered contractors.', 'Belongs to SYNDICATE_039 (10 members) controlling 20 projects.', 'Contractor syndicate holds INR 112,010,000 in sanctioned public funds.', 'Entity directly holds 3 project(s) totaling INR 15,660,000.']"
V000030,Contractor Company 000030,BANK000039,SYNDICATE_039,10,2,8850000,112010000,75.62,"['Shares bank account BANK000039 with 9 other registered contractors.', 'Belongs to SYNDICATE_039 (10 members) controlling 20 projects.', 'Contractor syndicate holds INR 112,010,000 in sanctioned public funds.', 'Entity directly holds 2 project(s) totaling INR 8,850,000.']"
V000037,Contractor Company 000037,BANK000039,SYNDICATE_039,10,2,8610000,112010000,75.62,"['Shares bank account BANK000039 with 9 other registered contractors.', 'Belongs to SYNDICATE_039 (10 members) controlling 20 projects.', 'Contractor syndicate holds INR 112,010,000 in sanctioned public funds.', 'Entity directly holds 2 project(s) totaling INR 8,610,000.']"
V000868,Contractor Company 000868,BANK000039,SYNDICATE_039,10,1,4640000,112010000,75.62,"['Shares bank account BANK000039 with 9 other registered contractors.', 'Belongs to SYNDICATE_039 (10 members) controlling 20 projects.', 'Contractor syndicate holds INR 112,010,000 in sanctioned public funds.', 'Entity directly holds 1 project(s) totaling INR 4,640,000.']"
V000076,Contractor Company 000076,BANK000039,SYNDICATE_039,10,1,4630000,112010000,75.62,"['Shares bank account BANK000039 with 9 other registered contractors.', 'Belongs to SYNDICATE_039 (10 members) controlling 20 projects.', 'Contractor syndicate holds INR 112,010,000 in sanctioned public funds.', 'Entity directly holds 1 project(s) totaling INR 4,630,000.']"
V000144,Contractor Company 000144,BANK000039,SYNDICATE_039,10,0,0,112010000,75.62,"['Shares bank account BANK000039 with 9 other registered contractors.', 'Belongs to SYNDICATE_039 (10 members) controlling 20 projects.', 'Contractor syndicate holds INR 112,010,000 in sanctioned public funds.', 'Entity directly holds 0 project(s) totaling INR 0.']"
V000872,Contractor Company 000872,BANK000039,SYNDICATE_039,10,0,0,112010000,75.62,"['Shares bank account BANK000039 with 9 other registered contractors.', 'Belongs to SYNDICATE_039 (10 members) controlling 20 projects.', 'Contractor syndicate holds INR 112,010,000 in sanctioned public funds.', 'Entity directly holds 0 project(s) totaling INR 0.']"
V000083,Contractor Company 000083,BANK000069,SYNDICATE_069,12,3,23300000,107470000,75.51,"['Shares bank account BANK000069 with 11 other registered contractors.', 'Belongs to SYNDICATE_069 (12 members) controlling 18 projects.', 'Contractor syndicate holds INR 107,470,000 in sanctioned public funds.', 'Entity directly holds 3 project(s) totaling INR 23,300,000.']"
V000734,Contractor Company 000734,BANK000069,SYNDICATE_069,12,3,17440000,107470000,75.51,"['Shares bank account BANK000069 with 11 other registered contractors.', 'Belongs to SYNDICATE_069 (12 members) controlling 18 projects.', 'Contractor syndicate holds INR 107,470,000 in sanctioned public funds.', 'Entity directly holds 3 project(s) totaling INR 17,440,000.']"
V000605,Contractor Company 000605,BANK000069,SYNDICATE_069,12,2,17090000,107470000,75.51,"['Shares bank account BANK000069 with 11 other registered contractors.', 'Belongs to SYNDICATE_069 (12 members) controlling 18 projects.', 'Contractor syndicate holds INR 107,470,000 in sanctioned public funds.', 'Entity directly holds 2 project(s) totaling INR 17,090,000.']"
V000923,Contractor Company 000923,BANK000069,SYNDICATE_069,12,3,17020000,107470000,75.51,"['Shares bank account BANK000069 with 11 other registered contractors.', 'Belongs to SYNDICATE_069 (12 members) controlling 18 projects.', 'Contractor syndicate holds INR 107,470,000 in sanctioned public funds.', 'Entity directly holds 3 project(s) totaling INR 17,020,000.']"
V000387,Contractor Company 000387,BANK000069,SYNDICATE_069,12,3,14550000,107470000,75.51,"['Shares bank account BANK000069 with 11 other registered contractors.', 'Belongs to SYNDICATE_069 (12 members) controlling 18 projects.', 'Contractor syndicate holds INR 107,470,000 in sanctioned public funds.', 'Entity directly holds 3 project(s) totaling INR 14,550,000.']"
V000077,Contractor Company 000077,BANK000069,SYNDICATE_069,12,1,8430000,107470000,75.51,"['Shares bank account BANK000069 with 11 other registered contractors.', 'Belongs to SYNDICATE_069 (12 members) controlling 18 projects.', 'Contractor syndicate holds INR 107,470,000 in sanctioned public funds.', 'Entity directly holds 1 project(s) totaling INR 8,430,000.']"
V000645,Contractor Company 000645,BANK000069,SYNDICATE_069,12,1,6030000,107470000,75.51,"['Shares bank account BANK000069 with 11 other registered contractors.', 'Belongs to SYNDICATE_069 (12 members) controlling 18 projects.', 'Contractor syndicate holds INR 107,470,000 in sanctioned public funds.', 'Entity directly holds 1 project(s) totaling INR 6,030,000.']"
V000284,Contractor Company 000284,BANK000069,SYNDICATE_069,12,2,3610000,107470000,75.51,"['Shares bank account BANK000069 with 11 other registered contractors.', 'Belongs to SYNDICATE_069 (12 members) controlling 18 projects.', 'Contractor syndicate holds INR 107,470,000 in sanctioned public funds.', 'Entity directly holds 2 project(s) totaling INR 3,610,000.']"
V000457,Contractor Company 000457,BANK000069,SYNDICATE_069,12,0,0,107470000,75.51,"['Shares bank account BANK000069 with 11 other registered contractors.', 'Belongs to SYNDICATE_069 (12 members) controlling 18 projects.', 'Contractor syndicate holds INR 107,470,000 in sanctioned public funds.', 'Entity directly holds 0 project(s) totaling INR 0.']"
V000626,Contractor Company 000626,BANK000069,SYNDICATE_069,12,0,0,107470000,75.51,"['Shares bank account BANK000069 with 11 other registered contractors.', 'Belongs to SYNDICATE_069 (12 members) controlling 18 projects.', 'Contractor syndicate holds INR 107,470,000 in sanctioned public funds.', 'Entity directly holds 0 project(s) totaling INR 0.']"
V000888,Contractor Company 000888,BANK000069,SYNDICATE_069,12,0,0,107470000,75.51,"['Shares bank account BANK000069 with 11 other registered contractors.', 'Belongs to SYNDICATE_069 (12 members) controlling 18 projects.', 'Contractor syndicate holds INR 107,470,000 in sanctioned public funds.', 'Entity directly holds 0 project(s) totaling INR 0.']"
V000950,Contractor Company 000950,BANK000069,SYNDICATE_069,12,0,0,107470000,75.51,"['Shares bank account BANK000069 with 11 other registered contractors.', 'Belongs to SYNDICATE_069 (12 members) controlling 18 projects.', 'Contractor syndicate holds INR 107,470,000 in sanctioned public funds.', 'Entity directly holds 0 project(s) totaling INR 0.']"
V000555,Contractor Company 000555,BANK000071,SYNDICATE_071,9,5,30770000,90430000,75.36,"['Shares bank account BANK000071 with 8 other registered contractors.', 'Belongs to SYNDICATE_071 (9 members) controlling 16 projects.', 'Contractor syndicate holds INR 90,430,000 in sanctioned public funds.', 'Entity directly holds 5 project(s) totaling INR 30,770,000.']"
V000208,Contractor Company 000208,BANK000071,SYNDICATE_071,9,2,14160000,90430000,75.36,"['Shares bank account BANK000071 with 8 other registered contractors.', 'Belongs to SYNDICATE_071 (9 members) controlling 16 projects.', 'Contractor syndicate holds INR 90,430,000 in sanctioned public funds.', 'Entity directly holds 2 project(s) totaling INR 14,160,000.']"
V000059,Contractor Company 000059,BANK000071,SYNDICATE_071,9,1,9670000,90430000,75.36,"['Shares bank account BANK000071 with 8 other registered contractors.', 'Belongs to SYNDICATE_071 (9 members) controlling 16 projects.', 'Contractor syndicate holds INR 90,430,000 in sanctioned public funds.', 'Entity directly holds 1 project(s) totaling INR 9,670,000.']"
V000667,Contractor Company 000667,BANK000071,SYNDICATE_071,9,1,9210000,90430000,75.36,"['Shares bank account BANK000071 with 8 other registered contractors.', 'Belongs to SYNDICATE_071 (9 members) controlling 16 projects.', 'Contractor syndicate holds INR 90,430,000 in sanctioned public funds.', 'Entity directly holds 1 project(s) totaling INR 9,210,000.']"
V000840,Contractor Company 000840,BANK000071,SYNDICATE_071,9,1,9210000,90430000,75.36,"['Shares bank account BANK000071 with 8 other registered contractors.', 'Belongs to SYNDICATE_071 (9 members) controlling 16 projects.', 'Contractor syndicate holds INR 90,430,000 in sanctioned public funds.', 'Entity directly holds 1 project(s) totaling INR 9,210,000.']"
V000709,Contractor Company 000709,BANK000071,SYNDICATE_071,9,1,8610000,90430000,75.36,"['Shares bank account BANK000071 with 8 other registered contractors.', 'Belongs to SYNDICATE_071 (9 members) controlling 16 projects.', 'Contractor syndicate holds INR 90,430,000 in sanctioned public funds.', 'Entity directly holds 1 project(s) totaling INR 8,610,000.']"
V000818,Contractor Company 000818,BANK000071,SYNDICATE_071,9,2,4700000,90430000,75.36,"['Shares bank account BANK000071 with 8 other registered contractors.', 'Belongs to SYNDICATE_071 (9 members) controlling 16 projects.', 'Contractor syndicate holds INR 90,430,000 in sanctioned public funds.', 'Entity directly holds 2 project(s) totaling INR 4,700,000.']"
V000465,Contractor Company 000465,BANK000071,SYNDICATE_071,9,2,3090000,90430000,75.36,"['Shares bank account BANK000071 with 8 other registered contractors.', 'Belongs to SYNDICATE_071 (9 members) controlling 16 projects.', 'Contractor syndicate holds INR 90,430,000 in sanctioned public funds.', 'Entity directly holds 2 project(s) totaling INR 3,090,000.']"
V000952,Contractor Company 000952,BANK000071,SYNDICATE_071,9,1,1010000,90430000,75.36,"['Shares bank account BANK000071 with 8 other registered contractors.', 'Belongs to SYNDICATE_071 (9 members) controlling 16 projects.', 'Contractor syndicate holds INR 90,430,000 in sanctioned public funds.', 'Entity directly holds 1 project(s) totaling INR 1,010,000.']"
V000174,Contractor Company 000174,BANK000029,SYNDICATE_029,10,3,22940000,91430000,75.05,"['Shares bank account BANK000029 with 9 other registered contractors.', 'Belongs to SYNDICATE_029 (10 members) controlling 16 projects.', 'Contractor syndicate holds INR 91,430,000 in sanctioned public funds.', 'Entity directly holds 3 project(s) totaling INR 22,940,000.']"
V000649,Contractor Company 000649,BANK000029,SYNDICATE_029,10,3,20560000,91430000,75.05,"['Shares bank account BANK000029 with 9 other registered contractors.', 'Belongs to SYNDICATE_029 (10 members) controlling 16 projects.', 'Contractor syndicate holds INR 91,430,000 in sanctioned public funds.', 'Entity directly holds 3 project(s) totaling INR 20,560,000.']"
V000784,Contractor Company 000784,BANK000029,SYNDICATE_029,10,2,11820000,91430000,75.05,"['Shares bank account BANK000029 with 9 other registered contractors.', 'Belongs to SYNDICATE_029 (10 members) controlling 16 projects.', 'Contractor syndicate holds INR 91,430,000 in sanctioned public funds.', 'Entity directly holds 2 project(s) totaling INR 11,820,000.']"
V000446,Contractor Company 000446,BANK000029,SYNDICATE_029,10,2,11350000,91430000,75.05,"['Shares bank account BANK000029 with 9 other registered contractors.', 'Belongs to SYNDICATE_029 (10 members) controlling 16 projects.', 'Contractor syndicate holds INR 91,430,000 in sanctioned public funds.', 'Entity directly holds 2 project(s) totaling INR 11,350,000.']"
V000663,Contractor Company 000663,BANK000029,SYNDICATE_029,10,1,9310000,91430000,75.05,"['Shares bank account BANK000029 with 9 other registered contractors.', 'Belongs to SYNDICATE_029 (10 members) controlling 16 projects.', 'Contractor syndicate holds INR 91,430,000 in sanctioned public funds.', 'Entity directly holds 1 project(s) totaling INR 9,310,000.']"
V000400,Contractor Company 000400,BANK000029,SYNDICATE_029,10,2,5890000,91430000,75.05,"['Shares bank account BANK000029 with 9 other registered contractors.', 'Belongs to SYNDICATE_029 (10 members) controlling 16 projects.', 'Contractor syndicate holds INR 91,430,000 in sanctioned public funds.', 'Entity directly holds 2 project(s) totaling INR 5,890,000.']"
V000700,Contractor Company 000700,BANK000029,SYNDICATE_029,10,1,3760000,91430000,75.05,"['Shares bank account BANK000029 with 9 other registered contractors.', 'Belongs to SYNDICATE_029 (10 members) controlling 16 projects.', 'Contractor syndicate holds INR 91,430,000 in sanctioned public funds.', 'Entity directly holds 1 project(s) totaling INR 3,760,000.']"
V000474,Contractor Company 000474,BANK000029,SYNDICATE_029,10,1,3040000,91430000,75.05,"['Shares bank account BANK000029 with 9 other registered contractors.', 'Belongs to SYNDICATE_029 (10 members) controlling 16 projects.', 'Contractor syndicate holds INR 91,430,000 in sanctioned public funds.', 'Entity directly holds 1 project(s) totaling INR 3,040,000.']"
V000078,Contractor Company 000078,BANK000029,SYNDICATE_029,10,1,2760000,91430000,75.05,"['Shares bank account BANK000029 with 9 other registered contractors.', 'Belongs to SYNDICATE_029 (10 members) controlling 16 projects.', 'Contractor syndicate holds INR 91,430,000 in sanctioned public funds.', 'Entity directly holds 1 project(s) totaling INR 2,760,000.']"
V000045,Contractor Company 000045,BANK000029,SYNDICATE_029,10,0,0,91430000,75.05,"['Shares bank account BANK000029 with 9 other registered contractors.', 'Belongs to SYNDICATE_029 (10 members) controlling 16 projects.', 'Contractor syndicate holds INR 91,430,000 in sanctioned public funds.', 'Entity directly holds 0 project(s) totaling INR 0.']"
V000373,Contractor Company 000373,BANK000007,SYNDICATE_007,8,5,28420000,99360000,74.92,"['Shares bank account BANK000007 with 7 other registered contractors.', 'Belongs to SYNDICATE_007 (8 members) controlling 22 projects.', 'Contractor syndicate holds INR 99,360,000 in sanctioned public funds.', 'Entity directly holds 5 project(s) totaling INR 28,420,000.']"
V000996,Contractor Company 000996,BANK000007,SYNDICATE_007,8,5,24270000,99360000,74.92,"['Shares bank account BANK000007 with 7 other registered contractors.', 'Belongs to SYNDICATE_007 (8 members) controlling 22 projects.', 'Contractor syndicate holds INR 99,360,000 in sanctioned public funds.', 'Entity directly holds 5 project(s) totaling INR 24,270,000.']"
V000151,Contractor Company 000151,BANK000007,SYNDICATE_007,8,2,11360000,99360000,74.92,"['Shares bank account BANK000007 with 7 other registered contractors.', 'Belongs to SYNDICATE_007 (8 members) controlling 22 projects.', 'Contractor syndicate holds INR 99,360,000 in sanctioned public funds.', 'Entity directly holds 2 project(s) totaling INR 11,360,000.']"
V000432,Contractor Company 000432,BANK000007,SYNDICATE_007,8,2,10800000,99360000,74.92,"['Shares bank account BANK000007 with 7 other registered contractors.', 'Belongs to SYNDICATE_007 (8 members) controlling 22 projects.', 'Contractor syndicate holds INR 99,360,000 in sanctioned public funds.', 'Entity directly holds 2 project(s) totaling INR 10,800,000.']"
V000146,Contractor Company 000146,BANK000007,SYNDICATE_007,8,2,9220000,99360000,74.92,"['Shares bank account BANK000007 with 7 other registered contractors.', 'Belongs to SYNDICATE_007 (8 members) controlling 22 projects.', 'Contractor syndicate holds INR 99,360,000 in sanctioned public funds.', 'Entity directly holds 2 project(s) totaling INR 9,220,000.']"
V000054,Contractor Company 000054,BANK000007,SYNDICATE_007,8,3,9200000,99360000,74.92,"['Shares bank account BANK000007 with 7 other registered contractors.', 'Belongs to SYNDICATE_007 (8 members) controlling 22 projects.', 'Contractor syndicate holds INR 99,360,000 in sanctioned public funds.', 'Entity directly holds 3 project(s) totaling INR 9,200,000.']"
V000603,Contractor Company 000603,BANK000007,SYNDICATE_007,8,2,4560000,99360000,74.92,"['Shares bank account BANK000007 with 7 other registered contractors.', 'Belongs to SYNDICATE_007 (8 members) controlling 22 projects.', 'Contractor syndicate holds INR 99,360,000 in sanctioned public funds.', 'Entity directly holds 2 project(s) totaling INR 4,560,000.']"
V000609,Contractor Company 000609,BANK000007,SYNDICATE_007,8,1,1530000,99360000,74.92,"['Shares bank account BANK000007 with 7 other registered contractors.', 'Belongs to SYNDICATE_007 (8 members) controlling 22 projects.', 'Contractor syndicate holds INR 99,360,000 in sanctioned public funds.', 'Entity directly holds 1 project(s) totaling INR 1,530,000.']"
V000723,Contractor Company 000723,BANK000008,SYNDICATE_008,8,4,24770000,97830000,74.73,"['Shares bank account BANK000008 with 7 other registered contractors.', 'Belongs to SYNDICATE_008 (8 members) controlling 22 projects.', 'Contractor syndicate holds INR 97,830,000 in sanctioned public funds.', 'Entity directly holds 4 project(s) totaling INR 24,770,000.']"
V000584,Contractor Company 000584,BANK000008,SYNDICATE_008,8,4,21130000,97830000,74.73,"['Shares bank account BANK000008 with 7 other registered contractors.', 'Belongs to SYNDICATE_008 (8 members) controlling 22 projects.', 'Contractor syndicate holds INR 97,830,000 in sanctioned public funds.', 'Entity directly holds 4 project(s) totaling INR 21,130,000.']"
V000715,Contractor Company 000715,BANK000008,SYNDICATE_008,8,3,17460000,97830000,74.73,"['Shares bank account BANK000008 with 7 other registered contractors.', 'Belongs to SYNDICATE_008 (8 members) controlling 22 projects.', 'Contractor syndicate holds INR 97,830,000 in sanctioned public funds.', 'Entity directly holds 3 project(s) totaling INR 17,460,000.']"
V000752,Contractor Company 000752,BANK000008,SYNDICATE_008,8,3,12300000,97830000,74.73,"['Shares bank account BANK000008 with 7 other registered contractors.', 'Belongs to SYNDICATE_008 (8 members) controlling 22 projects.', 'Contractor syndicate holds INR 97,830,000 in sanctioned public funds.', 'Entity directly holds 3 project(s) totaling INR 12,300,000.']"
V000072,Contractor Company 000072,BANK000008,SYNDICATE_008,8,1,6950000,97830000,74.73,"['Shares bank account BANK000008 with 7 other registered contractors.', 'Belongs to SYNDICATE_008 (8 members) controlling 22 projects.', 'Contractor syndicate holds INR 97,830,000 in sanctioned public funds.', 'Entity directly holds 1 project(s) totaling INR 6,950,000.']"
V000761,Contractor Company 000761,BANK000008,SYNDICATE_008,8,2,5490000,97830000,74.73,"['Shares bank account BANK000008 with 7 other registered contractors.', 'Belongs to SYNDICATE_008 (8 members) controlling 22 projects.', 'Contractor syndicate holds INR 97,830,000 in sanctioned public funds.', 'Entity directly holds 2 project(s) totaling INR 5,490,000.']"
V000695,Contractor Company 000695,BANK000008,SYNDICATE_008,8,3,5200000,97830000,74.73,"['Shares bank account BANK000008 with 7 other registered contractors.', 'Belongs to SYNDICATE_008 (8 members) controlling 22 projects.', 'Contractor syndicate holds INR 97,830,000 in sanctioned public funds.', 'Entity directly holds 3 project(s) totaling INR 5,200,000.']"
V000417,Contractor Company 000417,BANK000008,SYNDICATE_008,8,2,4530000,97830000,74.73,"['Shares bank account BANK000008 with 7 other registered contractors.', 'Belongs to SYNDICATE_008 (8 members) controlling 22 projects.', 'Contractor syndicate holds INR 97,830,000 in sanctioned public funds.', 'Entity directly holds 2 project(s) totaling INR 4,530,000.']"
V000816,Contractor Company 000816,BANK000084,SYNDICATE_084,11,3,17930000,74390000,74.67,"['Shares bank account BANK000084 with 10 other registered contractors.', 'Belongs to SYNDICATE_084 (11 members) controlling 16 projects.', 'Contractor syndicate holds INR 74,390,000 in sanctioned public funds.', 'Entity directly holds 3 project(s) totaling INR 17,930,000.']"
V000338,Contractor Company 000338,BANK000084,SYNDICATE_084,11,2,13340000,74390000,74.67,"['Shares bank account BANK000084 with 10 other registered contractors.', 'Belongs to SYNDICATE_084 (11 members) controlling 16 projects.', 'Contractor syndicate holds INR 74,390,000 in sanctioned public funds.', 'Entity directly holds 2 project(s) totaling INR 13,340,000.']"
V000291,Contractor Company 000291,BANK000084,SYNDICATE_084,11,2,11630000,74390000,74.67,"['Shares bank account BANK000084 with 10 other registered contractors.', 'Belongs to SYNDICATE_084 (11 members) controlling 16 projects.', 'Contractor syndicate holds INR 74,390,000 in sanctioned public funds.', 'Entity directly holds 2 project(s) totaling INR 11,630,000.']"
V000668,Contractor Company 000668,BANK000084,SYNDICATE_084,11,3,10510000,74390000,74.67,"['Shares bank account BANK000084 with 10 other registered contractors.', 'Belongs to SYNDICATE_084 (11 members) controlling 16 projects.', 'Contractor syndicate holds INR 74,390,000 in sanctioned public funds.', 'Entity directly holds 3 project(s) totaling INR 10,510,000.']"
V000631,Contractor Company 000631,BANK000084,SYNDICATE_084,11,1,7390000,74390000,74.67,"['Shares bank account BANK000084 with 10 other registered contractors.', 'Belongs to SYNDICATE_084 (11 members) controlling 16 projects.', 'Contractor syndicate holds INR 74,390,000 in sanctioned public funds.', 'Entity directly holds 1 project(s) totaling INR 7,390,000.']"
V000051,Contractor Company 000051,BANK000084,SYNDICATE_084,11,1,4700000,74390000,74.67,"['Shares bank account BANK000084 with 10 other registered contractors.', 'Belongs to SYNDICATE_084 (11 members) controlling 16 projects.', 'Contractor syndicate holds INR 74,390,000 in sanctioned public funds.', 'Entity directly holds 1 project(s) totaling INR 4,700,000.']"
V000298,Contractor Company 000298,BANK000084,SYNDICATE_084,11,1,3470000,74390000,74.67,"['Shares bank account BANK000084 with 10 other registered contractors.', 'Belongs to SYNDICATE_084 (11 members) controlling 16 projects.', 'Contractor syndicate holds INR 74,390,000 in sanctioned public funds.', 'Entity directly holds 1 project(s) totaling INR 3,470,000.']"
V000998,Contractor Company 000998,BANK000084,SYNDICATE_084,11,1,2400000,74390000,74.67,"['Shares bank account BANK000084 with 10 other registered contractors.', 'Belongs to SYNDICATE_084 (11 members) controlling 16 projects.', 'Contractor syndicate holds INR 74,390,000 in sanctioned public funds.', 'Entity directly holds 1 project(s) totaling INR 2,400,000.']"
V000729,Contractor Company 000729,BANK000084,SYNDICATE_084,11,1,2350000,74390000,74.67,"['Shares bank account BANK000084 with 10 other registered contractors.', 'Belongs to SYNDICATE_084 (11 members) controlling 16 projects.', 'Contractor syndicate holds INR 74,390,000 in sanctioned public funds.', 'Entity directly holds 1 project(s) totaling INR 2,350,000.']"
V000994,Contractor Company 000994,BANK000084,SYNDICATE_084,11,1,670000,74390000,74.67,"['Shares bank account BANK000084 with 10 other registered contractors.', 'Belongs to SYNDICATE_084 (11 members) controlling 16 projects.', 'Contractor syndicate holds INR 74,390,000 in sanctioned public funds.', 'Entity directly holds 1 project(s) totaling INR 670,000.']"
V000669,Contractor Company 000669,BANK000084,SYNDICATE_084,11,0,0,74390000,74.67,"['Shares bank account BANK000084 with 10 other registered contractors.', 'Belongs to SYNDICATE_084 (11 members) controlling 16 projects.', 'Contractor syndicate holds INR 74,390,000 in sanctioned public funds.', 'Entity directly holds 0 project(s) totaling INR 0.']"
V000521,Contractor Company 000521,BANK000014,SYNDICATE_014,9,5,24670000,98930000,74.21,"['Shares bank account BANK000014 with 8 other registered contractors.', 'Belongs to SYNDICATE_014 (9 members) controlling 19 projects.', 'Contractor syndicate holds INR 98,930,000 in sanctioned public funds.', 'Entity directly holds 5 project(s) totaling INR 24,670,000.']"
V000849,Contractor Company 000849,BANK000014,SYNDICATE_014,9,6,20940000,98930000,74.21,"['Shares bank account BANK000014 with 8 other registered contractors.', 'Belongs to SYNDICATE_014 (9 members) controlling 19 projects.', 'Contractor syndicate holds INR 98,930,000 in sanctioned public funds.', 'Entity directly holds 6 project(s) totaling INR 20,940,000.']"
V000902,Contractor Company 000902,BANK000014,SYNDICATE_014,9,2,13140000,98930000,74.21,"['Shares bank account BANK000014 with 8 other registered contractors.', 'Belongs to SYNDICATE_014 (9 members) controlling 19 projects.', 'Contractor syndicate holds INR 98,930,000 in sanctioned public funds.', 'Entity directly holds 2 project(s) totaling INR 13,140,000.']"
V000957,Contractor Company 000957,BANK000014,SYNDICATE_014,9,2,12070000,98930000,74.21,"['Shares bank account BANK000014 with 8 other registered contractors.', 'Belongs to SYNDICATE_014 (9 members) controlling 19 projects.', 'Contractor syndicate holds INR 98,930,000 in sanctioned public funds.', 'Entity directly holds 2 project(s) totaling INR 12,070,000.']"
V000148,Contractor Company 000148,BANK000014,SYNDICATE_014,9,1,8620000,98930000,74.21,"['Shares bank account BANK000014 with 8 other registered contractors.', 'Belongs to SYNDICATE_014 (9 members) controlling 19 projects.', 'Contractor syndicate holds INR 98,930,000 in sanctioned public funds.', 'Entity directly holds 1 project(s) totaling INR 8,620,000.']"
V000102,Contractor Company 000102,BANK000014,SYNDICATE_014,9,1,7950000,98930000,74.21,"['Shares bank account BANK000014 with 8 other registered contractors.', 'Belongs to SYNDICATE_014 (9 members) controlling 19 projects.', 'Contractor syndicate holds INR 98,930,000 in sanctioned public funds.', 'Entity directly holds 1 project(s) totaling INR 7,950,000.']"
V000808,Contractor Company 000808,BANK000014,SYNDICATE_014,9,1,6970000,98930000,74.21,"['Shares bank account BANK000014 with 8 other registered contractors.', 'Belongs to SYNDICATE_014 (9 members) controlling 19 projects.', 'Contractor syndicate holds INR 98,930,000 in sanctioned public funds.', 'Entity directly holds 1 project(s) totaling INR 6,970,000.']"
V000356,Contractor Company 000356,BANK000014,SYNDICATE_014,9,1,4570000,98930000,74.21,"['Shares bank account BANK000014 with 8 other registered contractors.', 'Belongs to SYNDICATE_014 (9 members) controlling 19 projects.', 'Contractor syndicate holds INR 98,930,000 in sanctioned public funds.', 'Entity directly holds 1 project(s) totaling INR 4,570,000.']"
V000405,Contractor Company 000405,BANK000014,SYNDICATE_014,9,0,0,98930000,74.21,"['Shares bank account BANK000014 with 8 other registered contractors.', 'Belongs to SYNDICATE_014 (9 members) controlling 19 projects.', 'Contractor syndicate holds INR 98,930,000 in sanctioned public funds.', 'Entity directly holds 0 project(s) totaling INR 0.']"
V000152,Contractor Company 000152,BANK000015,SYNDICATE_015,8,5,29380000,91360000,73.92,"['Shares bank account BANK000015 with 7 other registered contractors.', 'Belongs to SYNDICATE_015 (8 members) controlling 18 projects.', 'Contractor syndicate holds INR 91,360,000 in sanctioned public funds.', 'Entity directly holds 5 project(s) totaling INR 29,380,000.']"
V000925,Contractor Company 000925,BANK000015,SYNDICATE_015,8,3,18280000,91360000,73.92,"['Shares bank account BANK000015 with 7 other registered contractors.', 'Belongs to SYNDICATE_015 (8 members) controlling 18 projects.', 'Contractor syndicate holds INR 91,360,000 in sanctioned public funds.', 'Entity directly holds 3 project(s) totaling INR 18,280,000.']"
V000377,Contractor Company 000377,BANK000015,SYNDICATE_015,8,3,14810000,91360000,73.92,"['Shares bank account BANK000015 with 7 other registered contractors.', 'Belongs to SYNDICATE_015 (8 members) controlling 18 projects.', 'Contractor syndicate holds INR 91,360,000 in sanctioned public funds.', 'Entity directly holds 3 project(s) totaling INR 14,810,000.']"
V000198,Contractor Company 000198,BANK000015,SYNDICATE_015,8,1,8500000,91360000,73.92,"['Shares bank account BANK000015 with 7 other registered contractors.', 'Belongs to SYNDICATE_015 (8 members) controlling 18 projects.', 'Contractor syndicate holds INR 91,360,000 in sanctioned public funds.', 'Entity directly holds 1 project(s) totaling INR 8,500,000.']"
V000322,Contractor Company 000322,BANK000015,SYNDICATE_015,8,2,6950000,91360000,73.92,"['Shares bank account BANK000015 with 7 other registered contractors.', 'Belongs to SYNDICATE_015 (8 members) controlling 18 projects.', 'Contractor syndicate holds INR 91,360,000 in sanctioned public funds.', 'Entity directly holds 2 project(s) totaling INR 6,950,000.']"
V000210,Contractor Company 000210,BANK000015,SYNDICATE_015,8,1,5900000,91360000,73.92,"['Shares bank account BANK000015 with 7 other registered contractors.', 'Belongs to SYNDICATE_015 (8 members) controlling 18 projects.', 'Contractor syndicate holds INR 91,360,000 in sanctioned public funds.', 'Entity directly holds 1 project(s) totaling INR 5,900,000.']"
V000482,Contractor Company 000482,BANK000015,SYNDICATE_015,8,2,5030000,91360000,73.92,"['Shares bank account BANK000015 with 7 other registered contractors.', 'Belongs to SYNDICATE_015 (8 members) controlling 18 projects.', 'Contractor syndicate holds INR 91,360,000 in sanctioned public funds.', 'Entity directly holds 2 project(s) totaling INR 5,030,000.']"
V000378,Contractor Company 000378,BANK000015,SYNDICATE_015,8,1,2510000,91360000,73.92,"['Shares bank account BANK000015 with 7 other registered contractors.', 'Belongs to SYNDICATE_015 (8 members) controlling 18 projects.', 'Contractor syndicate holds INR 91,360,000 in sanctioned public funds.', 'Entity directly holds 1 project(s) totaling INR 2,510,000.']"
V000563,Contractor Company 000563,BANK000017,SYNDICATE_017,10,2,11850000,64420000,73.67,"['Shares bank account BANK000017 with 9 other registered contractors.', 'Belongs to SYNDICATE_017 (10 members) controlling 16 projects.', 'Contractor syndicate holds INR 64,420,000 in sanctioned public funds.', 'Entity directly holds 2 project(s) totaling INR 11,850,000.']"
V000450,Contractor Company 000450,BANK000017,SYNDICATE_017,10,4,11450000,64420000,73.67,"['Shares bank account BANK000017 with 9 other registered contractors.', 'Belongs to SYNDICATE_017 (10 members) controlling 16 projects.', 'Contractor syndicate holds INR 64,420,000 in sanctioned public funds.', 'Entity directly holds 4 project(s) totaling INR 11,450,000.']"
V000001,Contractor Company 000001,BANK000017,SYNDICATE_017,10,1,8110000,64420000,73.67,"['Shares bank account BANK000017 with 9 other registered contractors.', 'Belongs to SYNDICATE_017 (10 members) controlling 16 projects.', 'Contractor syndicate holds INR 64,420,000 in sanctioned public funds.', 'Entity directly holds 1 project(s) totaling INR 8,110,000.']"
V000315,Contractor Company 000315,BANK000017,SYNDICATE_017,10,1,7090000,64420000,73.67,"['Shares bank account BANK000017 with 9 other registered contractors.', 'Belongs to SYNDICATE_017 (10 members) controlling 16 projects.', 'Contractor syndicate holds INR 64,420,000 in sanctioned public funds.', 'Entity directly holds 1 project(s) totaling INR 7,090,000.']"
V000145,Contractor Company 000145,BANK000017,SYNDICATE_017,10,1,5660000,64420000,73.67,"['Shares bank account BANK000017 with 9 other registered contractors.', 'Belongs to SYNDICATE_017 (10 members) controlling 16 projects.', 'Contractor syndicate holds INR 64,420,000 in sanctioned public funds.', 'Entity directly holds 1 project(s) totaling INR 5,660,000.']"
V000033,Contractor Company 000033,BANK000017,SYNDICATE_017,10,2,5640000,64420000,73.67,"['Shares bank account BANK000017 with 9 other registered contractors.', 'Belongs to SYNDICATE_017 (10 members) controlling 16 projects.', 'Contractor syndicate holds INR 64,420,000 in sanctioned public funds.', 'Entity directly holds 2 project(s) totaling INR 5,640,000.']"
V000614,Contractor Company 000614,BANK000017,SYNDICATE_017,10,1,5380000,64420000,73.67,"['Shares bank account BANK000017 with 9 other registered contractors.', 'Belongs to SYNDICATE_017 (10 members) controlling 16 projects.', 'Contractor syndicate holds INR 64,420,000 in sanctioned public funds.', 'Entity directly holds 1 project(s) totaling INR 5,380,000.']"
V000589,Contractor Company 000589,BANK000017,SYNDICATE_017,10,2,4370000,64420000,73.67,"['Shares bank account BANK000017 with 9 other registered contractors.', 'Belongs to SYNDICATE_017 (10 members) controlling 16 projects.', 'Contractor syndicate holds INR 64,420,000 in sanctioned public funds.', 'Entity directly holds 2 project(s) totaling INR 4,370,000.']"
V000097,Contractor Company 000097,BANK000017,SYNDICATE_017,10,1,3840000,64420000,73.67,"['Shares bank account BANK000017 with 9 other registered contractors.', 'Belongs to SYNDICATE_017 (10 members) controlling 16 projects.', 'Contractor syndicate holds INR 64,420,000 in sanctioned public funds.', 'Entity directly holds 1 project(s) totaling INR 3,840,000.']"
V000441,Contractor Company 000441,BANK000017,SYNDICATE_017,10,1,1030000,64420000,73.67,"['Shares bank account BANK000017 with 9 other registered contractors.', 'Belongs to SYNDICATE_017 (10 members) controlling 16 projects.', 'Contractor syndicate holds INR 64,420,000 in sanctioned public funds.', 'Entity directly holds 1 project(s) totaling INR 1,030,000.']"
V000588,Contractor Company 000588,BANK000094,SYNDICATE_094,10,4,19180000,94760000,73.47,"['Shares bank account BANK000094 with 9 other registered contractors.', 'Belongs to SYNDICATE_094 (10 members) controlling 17 projects.', 'Contractor syndicate holds INR 94,760,000 in sanctioned public funds.', 'Entity directly holds 4 project(s) totaling INR 19,180,000.']"
V000981,Contractor Company 000981,BANK000094,SYNDICATE_094,10,2,16620000,94760000,73.47,"['Shares bank account BANK000094 with 9 other registered contractors.', 'Belongs to SYNDICATE_094 (10 members) controlling 17 projects.', 'Contractor syndicate holds INR 94,760,000 in sanctioned public funds.', 'Entity directly holds 2 project(s) totaling INR 16,620,000.']"
V000904,Contractor Company 000904,BANK000094,SYNDICATE_094,10,3,16560000,94760000,73.47,"['Shares bank account BANK000094 with 9 other registered contractors.', 'Belongs to SYNDICATE_094 (10 members) controlling 17 projects.', 'Contractor syndicate holds INR 94,760,000 in sanctioned public funds.', 'Entity directly holds 3 project(s) totaling INR 16,560,000.']"
V000607,Contractor Company 000607,BANK000094,SYNDICATE_094,10,3,15270000,94760000,73.47,"['Shares bank account BANK000094 with 9 other registered contractors.', 'Belongs to SYNDICATE_094 (10 members) controlling 17 projects.', 'Contractor syndicate holds INR 94,760,000 in sanctioned public funds.', 'Entity directly holds 3 project(s) totaling INR 15,270,000.']"
V000881,Contractor Company 000881,BANK000094,SYNDICATE_094,10,2,9170000,94760000,73.47,"['Shares bank account BANK000094 with 9 other registered contractors.', 'Belongs to SYNDICATE_094 (10 members) controlling 17 projects.', 'Contractor syndicate holds INR 94,760,000 in sanctioned public funds.', 'Entity directly holds 2 project(s) totaling INR 9,170,000.']"
V000518,Contractor Company 000518,BANK000094,SYNDICATE_094,10,1,7420000,94760000,73.47,"['Shares bank account BANK000094 with 9 other registered contractors.', 'Belongs to SYNDICATE_094 (10 members) controlling 17 projects.', 'Contractor syndicate holds INR 94,760,000 in sanctioned public funds.', 'Entity directly holds 1 project(s) totaling INR 7,420,000.']"
V000747,Contractor Company 000747,BANK000094,SYNDICATE_094,10,1,7190000,94760000,73.47,"['Shares bank account BANK000094 with 9 other registered contractors.', 'Belongs to SYNDICATE_094 (10 members) controlling 17 projects.', 'Contractor syndicate holds INR 94,760,000 in sanctioned public funds.', 'Entity directly holds 1 project(s) totaling INR 7,190,000.']"
V000481,Contractor Company 000481,BANK000094,SYNDICATE_094,10,1,3350000,94760000,73.47,"['Shares bank account BANK000094 with 9 other registered contractors.', 'Belongs to SYNDICATE_094 (10 members) controlling 17 projects.', 'Contractor syndicate holds INR 94,760,000 in sanctioned public funds.', 'Entity directly holds 1 project(s) totaling INR 3,350,000.']"
V000404,Contractor Company 000404,BANK000094,SYNDICATE_094,10,0,0,94760000,73.47,"['Shares bank account BANK000094 with 9 other registered contractors.', 'Belongs to SYNDICATE_094 (10 members) controlling 17 projects.', 'Contractor syndicate holds INR 94,760,000 in sanctioned public funds.', 'Entity directly holds 0 project(s) totaling INR 0.']"
V000499,Contractor Company 000499,BANK000094,SYNDICATE_094,10,0,0,94760000,73.47,"['Shares bank account BANK000094 with 9 other registered contractors.', 'Belongs to SYNDICATE_094 (10 members) controlling 17 projects.', 'Contractor syndicate holds INR 94,760,000 in sanctioned public funds.', 'Entity directly holds 0 project(s) totaling INR 0.']"
V000278,Contractor Company 000278,BANK000033,SYNDICATE_033,10,4,22600000,76430000,73.17,"['Shares bank account BANK000033 with 9 other registered contractors.', 'Belongs to SYNDICATE_033 (10 members) controlling 18 projects.', 'Contractor syndicate holds INR 76,430,000 in sanctioned public funds.', 'Entity directly holds 4 project(s) totaling INR 22,600,000.']"
V000497,Contractor Company 000497,BANK000033,SYNDICATE_033,10,4,13310000,76430000,73.17,"['Shares bank account BANK000033 with 9 other registered contractors.', 'Belongs to SYNDICATE_033 (10 members) controlling 18 projects.', 'Contractor syndicate holds INR 76,430,000 in sanctioned public funds.', 'Entity directly holds 4 project(s) totaling INR 13,310,000.']"
V000435,Contractor Company 000435,BANK000033,SYNDICATE_033,10,2,11590000,76430000,73.17,"['Shares bank account BANK000033 with 9 other registered contractors.', 'Belongs to SYNDICATE_033 (10 members) controlling 18 projects.', 'Contractor syndicate holds INR 76,430,000 in sanctioned public funds.', 'Entity directly holds 2 project(s) totaling INR 11,590,000.']"
V000885,Contractor Company 000885,BANK000033,SYNDICATE_033,10,2,10070000,76430000,73.17,"['Shares bank account BANK000033 with 9 other registered contractors.', 'Belongs to SYNDICATE_033 (10 members) controlling 18 projects.', 'Contractor syndicate holds INR 76,430,000 in sanctioned public funds.', 'Entity directly holds 2 project(s) totaling INR 10,070,000.']"
V000024,Contractor Company 000024,BANK000033,SYNDICATE_033,10,1,7930000,76430000,73.17,"['Shares bank account BANK000033 with 9 other registered contractors.', 'Belongs to SYNDICATE_033 (10 members) controlling 18 projects.', 'Contractor syndicate holds INR 76,430,000 in sanctioned public funds.', 'Entity directly holds 1 project(s) totaling INR 7,930,000.']"
V000764,Contractor Company 000764,BANK000033,SYNDICATE_033,10,2,5940000,76430000,73.17,"['Shares bank account BANK000033 with 9 other registered contractors.', 'Belongs to SYNDICATE_033 (10 members) controlling 18 projects.', 'Contractor syndicate holds INR 76,430,000 in sanctioned public funds.', 'Entity directly holds 2 project(s) totaling INR 5,940,000.']"
V000790,Contractor Company 000790,BANK000033,SYNDICATE_033,10,1,2950000,76430000,73.17,"['Shares bank account BANK000033 with 9 other registered contractors.', 'Belongs to SYNDICATE_033 (10 members) controlling 18 projects.', 'Contractor syndicate holds INR 76,430,000 in sanctioned public funds.', 'Entity directly holds 1 project(s) totaling INR 2,950,000.']"
V000184,Contractor Company 000184,BANK000033,SYNDICATE_033,10,1,1320000,76430000,73.17,"['Shares bank account BANK000033 with 9 other registered contractors.', 'Belongs to SYNDICATE_033 (10 members) controlling 18 projects.', 'Contractor syndicate holds INR 76,430,000 in sanctioned public funds.', 'Entity directly holds 1 project(s) totaling INR 1,320,000.']"
V000570,Contractor Company 000570,BANK000033,SYNDICATE_033,10,1,720000,76430000,73.17,"['Shares bank account BANK000033 with 9 other registered contractors.', 'Belongs to SYNDICATE_033 (10 members) controlling 18 projects.', 'Contractor syndicate holds INR 76,430,000 in sanctioned public funds.', 'Entity directly holds 1 project(s) totaling INR 720,000.']"
V000865,Contractor Company 000865,BANK000033,SYNDICATE_033,10,0,0,76430000,73.17,"['Shares bank account BANK000033 with 9 other registered contractors.', 'Belongs to SYNDICATE_033 (10 members) controlling 18 projects.', 'Contractor syndicate holds INR 76,430,000 in sanctioned public funds.', 'Entity directly holds 0 project(s) totaling INR 0.']"
V000399,Contractor Company 000399,BANK000051,SYNDICATE_051,10,4,31610000,87510000,72.56,"['Shares bank account BANK000051 with 9 other registered contractors.', 'Belongs to SYNDICATE_051 (10 members) controlling 15 projects.', 'Contractor syndicate holds INR 87,510,000 in sanctioned public funds.', 'Entity directly holds 4 project(s) totaling INR 31,610,000.']"
V000104,Contractor Company 000104,BANK000051,SYNDICATE_051,10,2,15920000,87510000,72.56,"['Shares bank account BANK000051 with 9 other registered contractors.', 'Belongs to SYNDICATE_051 (10 members) controlling 15 projects.', 'Contractor syndicate holds INR 87,510,000 in sanctioned public funds.', 'Entity directly holds 2 project(s) totaling INR 15,920,000.']"
V000305,Contractor Company 000305,BANK000051,SYNDICATE_051,10,1,9780000,87510000,72.56,"['Shares bank account BANK000051 with 9 other registered contractors.', 'Belongs to SYNDICATE_051 (10 members) controlling 15 projects.', 'Contractor syndicate holds INR 87,510,000 in sanctioned public funds.', 'Entity directly holds 1 project(s) totaling INR 9,780,000.']"
V000538,Contractor Company 000538,BANK000051,SYNDICATE_051,10,2,9780000,87510000,72.56,"['Shares bank account BANK000051 with 9 other registered contractors.', 'Belongs to SYNDICATE_051 (10 members) controlling 15 projects.', 'Contractor syndicate holds INR 87,510,000 in sanctioned public funds.', 'Entity directly holds 2 project(s) totaling INR 9,780,000.']"
V000389,Contractor Company 000389,BANK000051,SYNDICATE_051,10,2,6290000,87510000,72.56,"['Shares bank account BANK000051 with 9 other registered contractors.', 'Belongs to SYNDICATE_051 (10 members) controlling 15 projects.', 'Contractor syndicate holds INR 87,510,000 in sanctioned public funds.', 'Entity directly holds 2 project(s) totaling INR 6,290,000.']"
V000654,Contractor Company 000654,BANK000051,SYNDICATE_051,10,2,5690000,87510000,72.56,"['Shares bank account BANK000051 with 9 other registered contractors.', 'Belongs to SYNDICATE_051 (10 members) controlling 15 projects.', 'Contractor syndicate holds INR 87,510,000 in sanctioned public funds.', 'Entity directly holds 2 project(s) totaling INR 5,690,000.']"
V000283,Contractor Company 000283,BANK000051,SYNDICATE_051,10,1,5510000,87510000,72.56,"['Shares bank account BANK000051 with 9 other registered contractors.', 'Belongs to SYNDICATE_051 (10 members) controlling 15 projects.', 'Contractor syndicate holds INR 87,510,000 in sanctioned public funds.', 'Entity directly holds 1 project(s) totaling INR 5,510,000.']"
V000719,Contractor Company 000719,BANK000051,SYNDICATE_051,10,1,2930000,87510000,72.56,"['Shares bank account BANK000051 with 9 other registered contractors.', 'Belongs to SYNDICATE_051 (10 members) controlling 15 projects.', 'Contractor syndicate holds INR 87,510,000 in sanctioned public funds.', 'Entity directly holds 1 project(s) totaling INR 2,930,000.']"
V000675,Contractor Company 000675,BANK000051,SYNDICATE_051,10,0,0,87510000,72.56,"['Shares bank account BANK000051 with 9 other registered contractors.', 'Belongs to SYNDICATE_051 (10 members) controlling 15 projects.', 'Contractor syndicate holds INR 87,510,000 in sanctioned public funds.', 'Entity directly holds 0 project(s) totaling INR 0.']"
V000776,Contractor Company 000776,BANK000051,SYNDICATE_051,10,0,0,87510000,72.56,"['Shares bank account BANK000051 with 9 other registered contractors.', 'Belongs to SYNDICATE_051 (10 members) controlling 15 projects.', 'Contractor syndicate holds INR 87,510,000 in sanctioned public funds.', 'Entity directly holds 0 project(s) totaling INR 0.']"
V000992,Contractor Company 000992,BANK000089,SYNDICATE_089,10,3,16420000,86740000,72.46,"['Shares bank account BANK000089 with 9 other registered contractors.', 'Belongs to SYNDICATE_089 (10 members) controlling 16 projects.', 'Contractor syndicate holds INR 86,740,000 in sanctioned public funds.', 'Entity directly holds 3 project(s) totaling INR 16,420,000.']"
V000128,Contractor Company 000128,BANK000089,SYNDICATE_089,10,2,14680000,86740000,72.46,"['Shares bank account BANK000089 with 9 other registered contractors.', 'Belongs to SYNDICATE_089 (10 members) controlling 16 projects.', 'Contractor syndicate holds INR 86,740,000 in sanctioned public funds.', 'Entity directly holds 2 project(s) totaling INR 14,680,000.']"
V000698,Contractor Company 000698,BANK000089,SYNDICATE_089,10,2,11410000,86740000,72.46,"['Shares bank account BANK000089 with 9 other registered contractors.', 'Belongs to SYNDICATE_089 (10 members) controlling 16 projects.', 'Contractor syndicate holds INR 86,740,000 in sanctioned public funds.', 'Entity directly holds 2 project(s) totaling INR 11,410,000.']"
V000179,Contractor Company 000179,BANK000089,SYNDICATE_089,10,2,10160000,86740000,72.46,"['Shares bank account BANK000089 with 9 other registered contractors.', 'Belongs to SYNDICATE_089 (10 members) controlling 16 projects.', 'Contractor syndicate holds INR 86,740,000 in sanctioned public funds.', 'Entity directly holds 2 project(s) totaling INR 10,160,000.']"
V000639,Contractor Company 000639,BANK000089,SYNDICATE_089,10,2,9420000,86740000,72.46,"['Shares bank account BANK000089 with 9 other registered contractors.', 'Belongs to SYNDICATE_089 (10 members) controlling 16 projects.', 'Contractor syndicate holds INR 86,740,000 in sanctioned public funds.', 'Entity directly holds 2 project(s) totaling INR 9,420,000.']"
V000452,Contractor Company 000452,BANK000089,SYNDICATE_089,10,1,8780000,86740000,72.46,"['Shares bank account BANK000089 with 9 other registered contractors.', 'Belongs to SYNDICATE_089 (10 members) controlling 16 projects.', 'Contractor syndicate holds INR 86,740,000 in sanctioned public funds.', 'Entity directly holds 1 project(s) totaling INR 8,780,000.']"
V000194,Contractor Company 000194,BANK000089,SYNDICATE_089,10,2,8390000,86740000,72.46,"['Shares bank account BANK000089 with 9 other registered contractors.', 'Belongs to SYNDICATE_089 (10 members) controlling 16 projects.', 'Contractor syndicate holds INR 86,740,000 in sanctioned public funds.', 'Entity directly holds 2 project(s) totaling INR 8,390,000.']"
V000516,Contractor Company 000516,BANK000089,SYNDICATE_089,10,2,7480000,86740000,72.46,"['Shares bank account BANK000089 with 9 other registered contractors.', 'Belongs to SYNDICATE_089 (10 members) controlling 16 projects.', 'Contractor syndicate holds INR 86,740,000 in sanctioned public funds.', 'Entity directly holds 2 project(s) totaling INR 7,480,000.']"
V000131,Contractor Company 000131,BANK000089,SYNDICATE_089,10,0,0,86740000,72.46,"['Shares bank account BANK000089 with 9 other registered contractors.', 'Belongs to SYNDICATE_089 (10 members) controlling 16 projects.', 'Contractor syndicate holds INR 86,740,000 in sanctioned public funds.', 'Entity directly holds 0 project(s) totaling INR 0.']"
V000873,Contractor Company 000873,BANK000089,SYNDICATE_089,10,0,0,86740000,72.46,"['Shares bank account BANK000089 with 9 other registered contractors.', 'Belongs to SYNDICATE_089 (10 members) controlling 16 projects.', 'Contractor syndicate holds INR 86,740,000 in sanctioned public funds.', 'Entity directly holds 0 project(s) totaling INR 0.']"
V000564,Contractor Company 000564,BANK000024,SYNDICATE_024,9,5,22860000,84450000,72.4,"['Shares bank account BANK000024 with 8 other registered contractors.', 'Belongs to SYNDICATE_024 (9 members) controlling 18 projects.', 'Contractor syndicate holds INR 84,450,000 in sanctioned public funds.', 'Entity directly holds 5 project(s) totaling INR 22,860,000.']"
V000725,Contractor Company 000725,BANK000024,SYNDICATE_024,9,4,19490000,84450000,72.4,"['Shares bank account BANK000024 with 8 other registered contractors.', 'Belongs to SYNDICATE_024 (9 members) controlling 18 projects.', 'Contractor syndicate holds INR 84,450,000 in sanctioned public funds.', 'Entity directly holds 4 project(s) totaling INR 19,490,000.']"
V000934,Contractor Company 000934,BANK000024,SYNDICATE_024,9,3,16270000,84450000,72.4,"['Shares bank account BANK000024 with 8 other registered contractors.', 'Belongs to SYNDICATE_024 (9 members) controlling 18 projects.', 'Contractor syndicate holds INR 84,450,000 in sanctioned public funds.', 'Entity directly holds 3 project(s) totaling INR 16,270,000.']"
V000758,Contractor Company 000758,BANK000024,SYNDICATE_024,9,2,8420000,84450000,72.4,"['Shares bank account BANK000024 with 8 other registered contractors.', 'Belongs to SYNDICATE_024 (9 members) controlling 18 projects.', 'Contractor syndicate holds INR 84,450,000 in sanctioned public funds.', 'Entity directly holds 2 project(s) totaling INR 8,420,000.']"
V000841,Contractor Company 000841,BANK000024,SYNDICATE_024,9,1,7800000,84450000,72.4,"['Shares bank account BANK000024 with 8 other registered contractors.', 'Belongs to SYNDICATE_024 (9 members) controlling 18 projects.', 'Contractor syndicate holds INR 84,450,000 in sanctioned public funds.', 'Entity directly holds 1 project(s) totaling INR 7,800,000.']"
V000850,Contractor Company 000850,BANK000024,SYNDICATE_024,9,1,4780000,84450000,72.4,"['Shares bank account BANK000024 with 8 other registered contractors.', 'Belongs to SYNDICATE_024 (9 members) controlling 18 projects.', 'Contractor syndicate holds INR 84,450,000 in sanctioned public funds.', 'Entity directly holds 1 project(s) totaling INR 4,780,000.']"
V000189,Contractor Company 000189,BANK000024,SYNDICATE_024,9,1,3710000,84450000,72.4,"['Shares bank account BANK000024 with 8 other registered contractors.', 'Belongs to SYNDICATE_024 (9 members) controlling 18 projects.', 'Contractor syndicate holds INR 84,450,000 in sanctioned public funds.', 'Entity directly holds 1 project(s) totaling INR 3,710,000.']"
V000362,Contractor Company 000362,BANK000024,SYNDICATE_024,9,1,1120000,84450000,72.4,"['Shares bank account BANK000024 with 8 other registered contractors.', 'Belongs to SYNDICATE_024 (9 members) controlling 18 projects.', 'Contractor syndicate holds INR 84,450,000 in sanctioned public funds.', 'Entity directly holds 1 project(s) totaling INR 1,120,000.']"
V000364,Contractor Company 000364,BANK000024,SYNDICATE_024,9,0,0,84450000,72.4,"['Shares bank account BANK000024 with 8 other registered contractors.', 'Belongs to SYNDICATE_024 (9 members) controlling 18 projects.', 'Contractor syndicate holds INR 84,450,000 in sanctioned public funds.', 'Entity directly holds 0 project(s) totaling INR 0.']"
V000328,Contractor Company 000328,BANK000062,SYNDICATE_062,9,3,10870000,58960000,71.43,"['Shares bank account BANK000062 with 8 other registered contractors.', 'Belongs to SYNDICATE_062 (9 members) controlling 15 projects.', 'Contractor syndicate holds INR 58,960,000 in sanctioned public funds.', 'Entity directly holds 3 project(s) totaling INR 10,870,000.']"
V000771,Contractor Company 000771,BANK000062,SYNDICATE_062,9,2,10000000,58960000,71.43,"['Shares bank account BANK000062 with 8 other registered contractors.', 'Belongs to SYNDICATE_062 (9 members) controlling 15 projects.', 'Contractor syndicate holds INR 58,960,000 in sanctioned public funds.', 'Entity directly holds 2 project(s) totaling INR 10,000,000.']"
V000647,Contractor Company 000647,BANK000062,SYNDICATE_062,9,4,9550000,58960000,71.43,"['Shares bank account BANK000062 with 8 other registered contractors.', 'Belongs to SYNDICATE_062 (9 members) controlling 15 projects.', 'Contractor syndicate holds INR 58,960,000 in sanctioned public funds.', 'Entity directly holds 4 project(s) totaling INR 9,550,000.']"
V000214,Contractor Company 000214,BANK000062,SYNDICATE_062,9,1,8140000,58960000,71.43,"['Shares bank account BANK000062 with 8 other registered contractors.', 'Belongs to SYNDICATE_062 (9 members) controlling 15 projects.', 'Contractor syndicate holds INR 58,960,000 in sanctioned public funds.', 'Entity directly holds 1 project(s) totaling INR 8,140,000.']"
V000864,Contractor Company 000864,BANK000062,SYNDICATE_062,9,1,7790000,58960000,71.43,"['Shares bank account BANK000062 with 8 other registered contractors.', 'Belongs to SYNDICATE_062 (9 members) controlling 15 projects.', 'Contractor syndicate holds INR 58,960,000 in sanctioned public funds.', 'Entity directly holds 1 project(s) totaling INR 7,790,000.']"
V000701,Contractor Company 000701,BANK000062,SYNDICATE_062,9,1,7730000,58960000,71.43,"['Shares bank account BANK000062 with 8 other registered contractors.', 'Belongs to SYNDICATE_062 (9 members) controlling 15 projects.', 'Contractor syndicate holds INR 58,960,000 in sanctioned public funds.', 'Entity directly holds 1 project(s) totaling INR 7,730,000.']"
V000075,Contractor Company 000075,BANK000062,SYNDICATE_062,9,1,2560000,58960000,71.43,"['Shares bank account BANK000062 with 8 other registered contractors.', 'Belongs to SYNDICATE_062 (9 members) controlling 15 projects.', 'Contractor syndicate holds INR 58,960,000 in sanctioned public funds.', 'Entity directly holds 1 project(s) totaling INR 2,560,000.']"
V001000,Contractor Company 001000,BANK000062,SYNDICATE_062,9,1,1250000,58960000,71.43,"['Shares bank account BANK000062 with 8 other registered contractors.', 'Belongs to SYNDICATE_062 (9 members) controlling 15 projects.', 'Contractor syndicate holds INR 58,960,000 in sanctioned public funds.', 'Entity directly holds 1 project(s) totaling INR 1,250,000.']"
V000633,Contractor Company 000633,BANK000062,SYNDICATE_062,9,1,1070000,58960000,71.43,"['Shares bank account BANK000062 with 8 other registered contractors.', 'Belongs to SYNDICATE_062 (9 members) controlling 15 projects.', 'Contractor syndicate holds INR 58,960,000 in sanctioned public funds.', 'Entity directly holds 1 project(s) totaling INR 1,070,000.']"
V000807,Contractor Company 000807,BANK000090,SYNDICATE_090,12,3,16750000,73640000,71.29,"['Shares bank account BANK000090 with 11 other registered contractors.', 'Belongs to SYNDICATE_090 (12 members) controlling 12 projects.', 'Contractor syndicate holds INR 73,640,000 in sanctioned public funds.', 'Entity directly holds 3 project(s) totaling INR 16,750,000.']"
V000775,Contractor Company 000775,BANK000090,SYNDICATE_090,12,2,15220000,73640000,71.29,"['Shares bank account BANK000090 with 11 other registered contractors.', 'Belongs to SYNDICATE_090 (12 members) controlling 12 projects.', 'Contractor syndicate holds INR 73,640,000 in sanctioned public funds.', 'Entity directly holds 2 project(s) totaling INR 15,220,000.']"
V000099,Contractor Company 000099,BANK000090,SYNDICATE_090,12,2,13730000,73640000,71.29,"['Shares bank account BANK000090 with 11 other registered contractors.', 'Belongs to SYNDICATE_090 (12 members) controlling 12 projects.', 'Contractor syndicate holds INR 73,640,000 in sanctioned public funds.', 'Entity directly holds 2 project(s) totaling INR 13,730,000.']"
V000147,Contractor Company 000147,BANK000090,SYNDICATE_090,12,1,8080000,73640000,71.29,"['Shares bank account BANK000090 with 11 other registered contractors.', 'Belongs to SYNDICATE_090 (12 members) controlling 12 projects.', 'Contractor syndicate holds INR 73,640,000 in sanctioned public funds.', 'Entity directly holds 1 project(s) totaling INR 8,080,000.']"
V000337,Contractor Company 000337,BANK000090,SYNDICATE_090,12,1,7630000,73640000,71.29,"['Shares bank account BANK000090 with 11 other registered contractors.', 'Belongs to SYNDICATE_090 (12 members) controlling 12 projects.', 'Contractor syndicate holds INR 73,640,000 in sanctioned public funds.', 'Entity directly holds 1 project(s) totaling INR 7,630,000.']"
V000814,Contractor Company 000814,BANK000090,SYNDICATE_090,12,1,6000000,73640000,71.29,"['Shares bank account BANK000090 with 11 other registered contractors.', 'Belongs to SYNDICATE_090 (12 members) controlling 12 projects.', 'Contractor syndicate holds INR 73,640,000 in sanctioned public funds.', 'Entity directly holds 1 project(s) totaling INR 6,000,000.']"
V000503,Contractor Company 000503,BANK000090,SYNDICATE_090,12,1,5610000,73640000,71.29,"['Shares bank account BANK000090 with 11 other registered contractors.', 'Belongs to SYNDICATE_090 (12 members) controlling 12 projects.', 'Contractor syndicate holds INR 73,640,000 in sanctioned public funds.', 'Entity directly holds 1 project(s) totaling INR 5,610,000.']"
V000890,Contractor Company 000890,BANK000090,SYNDICATE_090,12,1,620000,73640000,71.29,"['Shares bank account BANK000090 with 11 other registered contractors.', 'Belongs to SYNDICATE_090 (12 members) controlling 12 projects.', 'Contractor syndicate holds INR 73,640,000 in sanctioned public funds.', 'Entity directly holds 1 project(s) totaling INR 620,000.']"
V000106,Contractor Company 000106,BANK000090,SYNDICATE_090,12,0,0,73640000,71.29,"['Shares bank account BANK000090 with 11 other registered contractors.', 'Belongs to SYNDICATE_090 (12 members) controlling 12 projects.', 'Contractor syndicate holds INR 73,640,000 in sanctioned public funds.', 'Entity directly holds 0 project(s) totaling INR 0.']"
V000124,Contractor Company 000124,BANK000090,SYNDICATE_090,12,0,0,73640000,71.29,"['Shares bank account BANK000090 with 11 other registered contractors.', 'Belongs to SYNDICATE_090 (12 members) controlling 12 projects.', 'Contractor syndicate holds INR 73,640,000 in sanctioned public funds.', 'Entity directly holds 0 project(s) totaling INR 0.']"
V000226,Contractor Company 000226,BANK000090,SYNDICATE_090,12,0,0,73640000,71.29,"['Shares bank account BANK000090 with 11 other registered contractors.', 'Belongs to SYNDICATE_090 (12 members) controlling 12 projects.', 'Contractor syndicate holds INR 73,640,000 in sanctioned public funds.', 'Entity directly holds 0 project(s) totaling INR 0.']"
V000263,Contractor Company 000263,BANK000090,SYNDICATE_090,12,0,0,73640000,71.29,"['Shares bank account BANK000090 with 11 other registered contractors.', 'Belongs to SYNDICATE_090 (12 members) controlling 12 projects.', 'Contractor syndicate holds INR 73,640,000 in sanctioned public funds.', 'Entity directly holds 0 project(s) totaling INR 0.']"
V000466,Contractor Company 000466,BANK000067,SYNDICATE_067,8,5,22710000,89460000,71.18,"['Shares bank account BANK000067 with 7 other registered contractors.', 'Belongs to SYNDICATE_067 (8 members) controlling 17 projects.', 'Contractor syndicate holds INR 89,460,000 in sanctioned public funds.', 'Entity directly holds 5 project(s) totaling INR 22,710,000.']"
V000541,Contractor Company 000541,BANK000067,SYNDICATE_067,8,2,17830000,89460000,71.18,"['Shares bank account BANK000067 with 7 other registered contractors.', 'Belongs to SYNDICATE_067 (8 members) controlling 17 projects.', 'Contractor syndicate holds INR 89,460,000 in sanctioned public funds.', 'Entity directly holds 2 project(s) totaling INR 17,830,000.']"
V000188,Contractor Company 000188,BANK000067,SYNDICATE_067,8,3,16920000,89460000,71.18,"['Shares bank account BANK000067 with 7 other registered contractors.', 'Belongs to SYNDICATE_067 (8 members) controlling 17 projects.', 'Contractor syndicate holds INR 89,460,000 in sanctioned public funds.', 'Entity directly holds 3 project(s) totaling INR 16,920,000.']"
V000642,Contractor Company 000642,BANK000067,SYNDICATE_067,8,2,13450000,89460000,71.18,"['Shares bank account BANK000067 with 7 other registered contractors.', 'Belongs to SYNDICATE_067 (8 members) controlling 17 projects.', 'Contractor syndicate holds INR 89,460,000 in sanctioned public funds.', 'Entity directly holds 2 project(s) totaling INR 13,450,000.']"
V000566,Contractor Company 000566,BANK000067,SYNDICATE_067,8,3,8420000,89460000,71.18,"['Shares bank account BANK000067 with 7 other registered contractors.', 'Belongs to SYNDICATE_067 (8 members) controlling 17 projects.', 'Contractor syndicate holds INR 89,460,000 in sanctioned public funds.', 'Entity directly holds 3 project(s) totaling INR 8,420,000.']"
V000517,Contractor Company 000517,BANK000067,SYNDICATE_067,8,1,7160000,89460000,71.18,"['Shares bank account BANK000067 with 7 other registered contractors.', 'Belongs to SYNDICATE_067 (8 members) controlling 17 projects.', 'Contractor syndicate holds INR 89,460,000 in sanctioned public funds.', 'Entity directly holds 1 project(s) totaling INR 7,160,000.']"
V000569,Contractor Company 000569,BANK000067,SYNDICATE_067,8,1,2970000,89460000,71.18,"['Shares bank account BANK000067 with 7 other registered contractors.', 'Belongs to SYNDICATE_067 (8 members) controlling 17 projects.', 'Contractor syndicate holds INR 89,460,000 in sanctioned public funds.', 'Entity directly holds 1 project(s) totaling INR 2,970,000.']"
V000201,Contractor Company 000201,BANK000067,SYNDICATE_067,8,0,0,89460000,71.18,"['Shares bank account BANK000067 with 7 other registered contractors.', 'Belongs to SYNDICATE_067 (8 members) controlling 17 projects.', 'Contractor syndicate holds INR 89,460,000 in sanctioned public funds.', 'Entity directly holds 0 project(s) totaling INR 0.']"
V000237,Contractor Company 000237,BANK000080,SYNDICATE_080,8,5,31300000,101510000,70.19,"['Shares bank account BANK000080 with 7 other registered contractors.', 'Belongs to SYNDICATE_080 (8 members) controlling 17 projects.', 'Contractor syndicate holds INR 101,510,000 in sanctioned public funds.', 'Entity directly holds 5 project(s) totaling INR 31,300,000.']"
V000613,Contractor Company 000613,BANK000080,SYNDICATE_080,8,4,21920000,101510000,70.19,"['Shares bank account BANK000080 with 7 other registered contractors.', 'Belongs to SYNDICATE_080 (8 members) controlling 17 projects.', 'Contractor syndicate holds INR 101,510,000 in sanctioned public funds.', 'Entity directly holds 4 project(s) totaling INR 21,920,000.']"
V000096,Contractor Company 000096,BANK000080,SYNDICATE_080,8,3,18550000,101510000,70.19,"['Shares bank account BANK000080 with 7 other registered contractors.', 'Belongs to SYNDICATE_080 (8 members) controlling 17 projects.', 'Contractor syndicate holds INR 101,510,000 in sanctioned public funds.', 'Entity directly holds 3 project(s) totaling INR 18,550,000.']"
V000240,Contractor Company 000240,BANK000080,SYNDICATE_080,8,3,16520000,101510000,70.19,"['Shares bank account BANK000080 with 7 other registered contractors.', 'Belongs to SYNDICATE_080 (8 members) controlling 17 projects.', 'Contractor syndicate holds INR 101,510,000 in sanctioned public funds.', 'Entity directly holds 3 project(s) totaling INR 16,520,000.']"
V000269,Contractor Company 000269,BANK000080,SYNDICATE_080,8,1,8620000,101510000,70.19,"['Shares bank account BANK000080 with 7 other registered contractors.', 'Belongs to SYNDICATE_080 (8 members) controlling 17 projects.', 'Contractor syndicate holds INR 101,510,000 in sanctioned public funds.', 'Entity directly holds 1 project(s) totaling INR 8,620,000.']"
V000005,Contractor Company 000005,BANK000080,SYNDICATE_080,8,1,4600000,101510000,70.19,"['Shares bank account BANK000080 with 7 other registered contractors.', 'Belongs to SYNDICATE_080 (8 members) controlling 17 projects.', 'Contractor syndicate holds INR 101,510,000 in sanctioned public funds.', 'Entity directly holds 1 project(s) totaling INR 4,600,000.']"
V000395,Contractor Company 000395,BANK000080,SYNDICATE_080,8,0,0,101510000,70.19,"['Shares bank account BANK000080 with 7 other registered contractors.', 'Belongs to SYNDICATE_080 (8 members) controlling 17 projects.', 'Contractor syndicate holds INR 101,510,000 in sanctioned public funds.', 'Entity directly holds 0 project(s) totaling INR 0.']"
V000810,Contractor Company 000810,BANK000080,SYNDICATE_080,8,0,0,101510000,70.19,"['Shares bank account BANK000080 with 7 other registered contractors.', 'Belongs to SYNDICATE_080 (8 members) controlling 17 projects.', 'Contractor syndicate holds INR 101,510,000 in sanctioned public funds.', 'Entity directly holds 0 project(s) totaling INR 0.']"
V000062,Contractor Company 000062,BANK000099,SYNDICATE_099,9,6,30720000,82300000,69.91,"['Shares bank account BANK000099 with 8 other registered contractors.', 'Belongs to SYNDICATE_099 (9 members) controlling 16 projects.', 'Contractor syndicate holds INR 82,300,000 in sanctioned public funds.', 'Entity directly holds 6 project(s) totaling INR 30,720,000.']"
V000671,Contractor Company 000671,BANK000099,SYNDICATE_099,9,3,13860000,82300000,69.91,"['Shares bank account BANK000099 with 8 other registered contractors.', 'Belongs to SYNDICATE_099 (9 members) controlling 16 projects.', 'Contractor syndicate holds INR 82,300,000 in sanctioned public funds.', 'Entity directly holds 3 project(s) totaling INR 13,860,000.']"
V000739,Contractor Company 000739,BANK000099,SYNDICATE_099,9,1,9810000,82300000,69.91,"['Shares bank account BANK000099 with 8 other registered contractors.', 'Belongs to SYNDICATE_099 (9 members) controlling 16 projects.', 'Contractor syndicate holds INR 82,300,000 in sanctioned public funds.', 'Entity directly holds 1 project(s) totaling INR 9,810,000.']"
V000015,Contractor Company 000015,BANK000099,SYNDICATE_099,9,1,7560000,82300000,69.91,"['Shares bank account BANK000099 with 8 other registered contractors.', 'Belongs to SYNDICATE_099 (9 members) controlling 16 projects.', 'Contractor syndicate holds INR 82,300,000 in sanctioned public funds.', 'Entity directly holds 1 project(s) totaling INR 7,560,000.']"
V000892,Contractor Company 000892,BANK000099,SYNDICATE_099,9,2,7300000,82300000,69.91,"['Shares bank account BANK000099 with 8 other registered contractors.', 'Belongs to SYNDICATE_099 (9 members) controlling 16 projects.', 'Contractor syndicate holds INR 82,300,000 in sanctioned public funds.', 'Entity directly holds 2 project(s) totaling INR 7,300,000.']"
V000836,Contractor Company 000836,BANK000099,SYNDICATE_099,9,2,6580000,82300000,69.91,"['Shares bank account BANK000099 with 8 other registered contractors.', 'Belongs to SYNDICATE_099 (9 members) controlling 16 projects.', 'Contractor syndicate holds INR 82,300,000 in sanctioned public funds.', 'Entity directly holds 2 project(s) totaling INR 6,580,000.']"
V000408,Contractor Company 000408,BANK000099,SYNDICATE_099,9,1,6470000,82300000,69.91,"['Shares bank account BANK000099 with 8 other registered contractors.', 'Belongs to SYNDICATE_099 (9 members) controlling 16 projects.', 'Contractor syndicate holds INR 82,300,000 in sanctioned public funds.', 'Entity directly holds 1 project(s) totaling INR 6,470,000.']"
V000383,Contractor Company 000383,BANK000099,SYNDICATE_099,9,0,0,82300000,69.91,"['Shares bank account BANK000099 with 8 other registered contractors.', 'Belongs to SYNDICATE_099 (9 members) controlling 16 projects.', 'Contractor syndicate holds INR 82,300,000 in sanctioned public funds.', 'Entity directly holds 0 project(s) totaling INR 0.']"
V000977,Contractor Company 000977,BANK000099,SYNDICATE_099,9,0,0,82300000,69.91,"['Shares bank account BANK000099 with 8 other registered contractors.', 'Belongs to SYNDICATE_099 (9 members) controlling 16 projects.', 'Contractor syndicate holds INR 82,300,000 in sanctioned public funds.', 'Entity directly holds 0 project(s) totaling INR 0.']"
V000767,Contractor Company 000767,BANK000093,SYNDICATE_093,6,3,29100000,83030000,69.76,"['Shares bank account BANK000093 with 5 other registered contractors.', 'Belongs to SYNDICATE_093 (6 members) controlling 16 projects.', 'Contractor syndicate holds INR 83,030,000 in sanctioned public funds.', 'Entity directly holds 3 project(s) totaling INR 29,100,000.']"
V000632,Contractor Company 000632,BANK000093,SYNDICATE_093,6,5,18340000,83030000,69.76,"['Shares bank account BANK000093 with 5 other registered contractors.', 'Belongs to SYNDICATE_093 (6 members) controlling 16 projects.', 'Contractor syndicate holds INR 83,030,000 in sanctioned public funds.', 'Entity directly holds 5 project(s) totaling INR 18,340,000.']"
V000453,Contractor Company 000453,BANK000093,SYNDICATE_093,6,3,12660000,83030000,69.76,"['Shares bank account BANK000093 with 5 other registered contractors.', 'Belongs to SYNDICATE_093 (6 members) controlling 16 projects.', 'Contractor syndicate holds INR 83,030,000 in sanctioned public funds.', 'Entity directly holds 3 project(s) totaling INR 12,660,000.']"
V000997,Contractor Company 000997,BANK000093,SYNDICATE_093,6,2,11570000,83030000,69.76,"['Shares bank account BANK000093 with 5 other registered contractors.', 'Belongs to SYNDICATE_093 (6 members) controlling 16 projects.', 'Contractor syndicate holds INR 83,030,000 in sanctioned public funds.', 'Entity directly holds 2 project(s) totaling INR 11,570,000.']"
V000857,Contractor Company 000857,BANK000093,SYNDICATE_093,6,2,6760000,83030000,69.76,"['Shares bank account BANK000093 with 5 other registered contractors.', 'Belongs to SYNDICATE_093 (6 members) controlling 16 projects.', 'Contractor syndicate holds INR 83,030,000 in sanctioned public funds.', 'Entity directly holds 2 project(s) totaling INR 6,760,000.']"
V000737,Contractor Company 000737,BANK000093,SYNDICATE_093,6,1,4600000,83030000,69.76,"['Shares bank account BANK000093 with 5 other registered contractors.', 'Belongs to SYNDICATE_093 (6 members) controlling 16 projects.', 'Contractor syndicate holds INR 83,030,000 in sanctioned public funds.', 'Entity directly holds 1 project(s) totaling INR 4,600,000.']"
V000935,Contractor Company 000935,BANK000066,SYNDICATE_066,10,3,20540000,79170000,69.52,"['Shares bank account BANK000066 with 9 other registered contractors.', 'Belongs to SYNDICATE_066 (10 members) controlling 15 projects.', 'Contractor syndicate holds INR 79,170,000 in sanctioned public funds.', 'Entity directly holds 3 project(s) totaling INR 20,540,000.']"
V000687,Contractor Company 000687,BANK000066,SYNDICATE_066,10,3,16550000,79170000,69.52,"['Shares bank account BANK000066 with 9 other registered contractors.', 'Belongs to SYNDICATE_066 (10 members) controlling 15 projects.', 'Contractor syndicate holds INR 79,170,000 in sanctioned public funds.', 'Entity directly holds 3 project(s) totaling INR 16,550,000.']"
V000716,Contractor Company 000716,BANK000066,SYNDICATE_066,10,3,13680000,79170000,69.52,"['Shares bank account BANK000066 with 9 other registered contractors.', 'Belongs to SYNDICATE_066 (10 members) controlling 15 projects.', 'Contractor syndicate holds INR 79,170,000 in sanctioned public funds.', 'Entity directly holds 3 project(s) totaling INR 13,680,000.']"
V000552,Contractor Company 000552,BANK000066,SYNDICATE_066,10,2,11070000,79170000,69.52,"['Shares bank account BANK000066 with 9 other registered contractors.', 'Belongs to SYNDICATE_066 (10 members) controlling 15 projects.', 'Contractor syndicate holds INR 79,170,000 in sanctioned public funds.', 'Entity directly holds 2 project(s) totaling INR 11,070,000.']"
V000978,Contractor Company 000978,BANK000066,SYNDICATE_066,10,1,9440000,79170000,69.52,"['Shares bank account BANK000066 with 9 other registered contractors.', 'Belongs to SYNDICATE_066 (10 members) controlling 15 projects.', 'Contractor syndicate holds INR 79,170,000 in sanctioned public funds.', 'Entity directly holds 1 project(s) totaling INR 9,440,000.']"
V000780,Contractor Company 000780,BANK000066,SYNDICATE_066,10,1,5250000,79170000,69.52,"['Shares bank account BANK000066 with 9 other registered contractors.', 'Belongs to SYNDICATE_066 (10 members) controlling 15 projects.', 'Contractor syndicate holds INR 79,170,000 in sanctioned public funds.', 'Entity directly holds 1 project(s) totaling INR 5,250,000.']"
V000217,Contractor Company 000217,BANK000066,SYNDICATE_066,10,2,2640000,79170000,69.52,"['Shares bank account BANK000066 with 9 other registered contractors.', 'Belongs to SYNDICATE_066 (10 members) controlling 15 projects.', 'Contractor syndicate holds INR 79,170,000 in sanctioned public funds.', 'Entity directly holds 2 project(s) totaling INR 2,640,000.']"
V000529,Contractor Company 000529,BANK000066,SYNDICATE_066,10,0,0,79170000,69.52,"['Shares bank account BANK000066 with 9 other registered contractors.', 'Belongs to SYNDICATE_066 (10 members) controlling 15 projects.', 'Contractor syndicate holds INR 79,170,000 in sanctioned public funds.', 'Entity directly holds 0 project(s) totaling INR 0.']"
V000598,Contractor Company 000598,BANK000066,SYNDICATE_066,10,0,0,79170000,69.52,"['Shares bank account BANK000066 with 9 other registered contractors.', 'Belongs to SYNDICATE_066 (10 members) controlling 15 projects.', 'Contractor syndicate holds INR 79,170,000 in sanctioned public funds.', 'Entity directly holds 0 project(s) totaling INR 0.']"
V000897,Contractor Company 000897,BANK000066,SYNDICATE_066,10,0,0,79170000,69.52,"['Shares bank account BANK000066 with 9 other registered contractors.', 'Belongs to SYNDICATE_066 (10 members) controlling 15 projects.', 'Contractor syndicate holds INR 79,170,000 in sanctioned public funds.', 'Entity directly holds 0 project(s) totaling INR 0.']"
V000991,Contractor Company 000991,BANK000001,SYNDICATE_001,7,4,19790000,68100000,69.45,"['Shares bank account BANK000001 with 6 other registered contractors.', 'Belongs to SYNDICATE_001 (7 members) controlling 17 projects.', 'Contractor syndicate holds INR 68,100,000 in sanctioned public funds.', 'Entity directly holds 4 project(s) totaling INR 19,790,000.']"
V000385,Contractor Company 000385,BANK000001,SYNDICATE_001,7,3,12360000,68100000,69.45,"['Shares bank account BANK000001 with 6 other registered contractors.', 'Belongs to SYNDICATE_001 (7 members) controlling 17 projects.', 'Contractor syndicate holds INR 68,100,000 in sanctioned public funds.', 'Entity directly holds 3 project(s) totaling INR 12,360,000.']"
V000025,Contractor Company 000025,BANK000001,SYNDICATE_001,7,2,11120000,68100000,69.45,"['Shares bank account BANK000001 with 6 other registered contractors.', 'Belongs to SYNDICATE_001 (7 members) controlling 17 projects.', 'Contractor syndicate holds INR 68,100,000 in sanctioned public funds.', 'Entity directly holds 2 project(s) totaling INR 11,120,000.']"
V000803,Contractor Company 000803,BANK000001,SYNDICATE_001,7,3,8140000,68100000,69.45,"['Shares bank account BANK000001 with 6 other registered contractors.', 'Belongs to SYNDICATE_001 (7 members) controlling 17 projects.', 'Contractor syndicate holds INR 68,100,000 in sanctioned public funds.', 'Entity directly holds 3 project(s) totaling INR 8,140,000.']"
V000732,Contractor Company 000732,BANK000001,SYNDICATE_001,7,2,7670000,68100000,69.45,"['Shares bank account BANK000001 with 6 other registered contractors.', 'Belongs to SYNDICATE_001 (7 members) controlling 17 projects.', 'Contractor syndicate holds INR 68,100,000 in sanctioned public funds.', 'Entity directly holds 2 project(s) totaling INR 7,670,000.']"
V000199,Contractor Company 000199,BANK000001,SYNDICATE_001,7,2,7610000,68100000,69.45,"['Shares bank account BANK000001 with 6 other registered contractors.', 'Belongs to SYNDICATE_001 (7 members) controlling 17 projects.', 'Contractor syndicate holds INR 68,100,000 in sanctioned public funds.', 'Entity directly holds 2 project(s) totaling INR 7,610,000.']"
V000314,Contractor Company 000314,BANK000001,SYNDICATE_001,7,1,1410000,68100000,69.45,"['Shares bank account BANK000001 with 6 other registered contractors.', 'Belongs to SYNDICATE_001 (7 members) controlling 17 projects.', 'Contractor syndicate holds INR 68,100,000 in sanctioned public funds.', 'Entity directly holds 1 project(s) totaling INR 1,410,000.']"
V000203,Contractor Company 000203,BANK000098,SYNDICATE_098,7,3,24050000,87920000,69.07,"['Shares bank account BANK000098 with 6 other registered contractors.', 'Belongs to SYNDICATE_098 (7 members) controlling 16 projects.', 'Contractor syndicate holds INR 87,920,000 in sanctioned public funds.', 'Entity directly holds 3 project(s) totaling INR 24,050,000.']"
V000536,Contractor Company 000536,BANK000098,SYNDICATE_098,7,4,22770000,87920000,69.07,"['Shares bank account BANK000098 with 6 other registered contractors.', 'Belongs to SYNDICATE_098 (7 members) controlling 16 projects.', 'Contractor syndicate holds INR 87,920,000 in sanctioned public funds.', 'Entity directly holds 4 project(s) totaling INR 22,770,000.']"
V000186,Contractor Company 000186,BANK000098,SYNDICATE_098,7,2,12540000,87920000,69.07,"['Shares bank account BANK000098 with 6 other registered contractors.', 'Belongs to SYNDICATE_098 (7 members) controlling 16 projects.', 'Contractor syndicate holds INR 87,920,000 in sanctioned public funds.', 'Entity directly holds 2 project(s) totaling INR 12,540,000.']"
V000224,Contractor Company 000224,BANK000098,SYNDICATE_098,7,3,11310000,87920000,69.07,"['Shares bank account BANK000098 with 6 other registered contractors.', 'Belongs to SYNDICATE_098 (7 members) controlling 16 projects.', 'Contractor syndicate holds INR 87,920,000 in sanctioned public funds.', 'Entity directly holds 3 project(s) totaling INR 11,310,000.']"
V000311,Contractor Company 000311,BANK000098,SYNDICATE_098,7,3,8910000,87920000,69.07,"['Shares bank account BANK000098 with 6 other registered contractors.', 'Belongs to SYNDICATE_098 (7 members) controlling 16 projects.', 'Contractor syndicate holds INR 87,920,000 in sanctioned public funds.', 'Entity directly holds 3 project(s) totaling INR 8,910,000.']"
V000074,Contractor Company 000074,BANK000098,SYNDICATE_098,7,1,8340000,87920000,69.07,"['Shares bank account BANK000098 with 6 other registered contractors.', 'Belongs to SYNDICATE_098 (7 members) controlling 16 projects.', 'Contractor syndicate holds INR 87,920,000 in sanctioned public funds.', 'Entity directly holds 1 project(s) totaling INR 8,340,000.']"
V000705,Contractor Company 000705,BANK000098,SYNDICATE_098,7,0,0,87920000,69.07,"['Shares bank account BANK000098 with 6 other registered contractors.', 'Belongs to SYNDICATE_098 (7 members) controlling 16 projects.', 'Contractor syndicate holds INR 87,920,000 in sanctioned public funds.', 'Entity directly holds 0 project(s) totaling INR 0.']"
V000459,Contractor Company 000459,BANK000087,SYNDICATE_087,7,4,21470000,62920000,68.81,"['Shares bank account BANK000087 with 6 other registered contractors.', 'Belongs to SYNDICATE_087 (7 members) controlling 13 projects.', 'Contractor syndicate holds INR 62,920,000 in sanctioned public funds.', 'Entity directly holds 4 project(s) totaling INR 21,470,000.']"
V000017,Contractor Company 000017,BANK000087,SYNDICATE_087,7,2,11300000,62920000,68.81,"['Shares bank account BANK000087 with 6 other registered contractors.', 'Belongs to SYNDICATE_087 (7 members) controlling 13 projects.', 'Contractor syndicate holds INR 62,920,000 in sanctioned public funds.', 'Entity directly holds 2 project(s) totaling INR 11,300,000.']"
V000969,Contractor Company 000969,BANK000087,SYNDICATE_087,7,2,9210000,62920000,68.81,"['Shares bank account BANK000087 with 6 other registered contractors.', 'Belongs to SYNDICATE_087 (7 members) controlling 13 projects.', 'Contractor syndicate holds INR 62,920,000 in sanctioned public funds.', 'Entity directly holds 2 project(s) totaling INR 9,210,000.']"
V000930,Contractor Company 000930,BANK000087,SYNDICATE_087,7,1,6540000,62920000,68.81,"['Shares bank account BANK000087 with 6 other registered contractors.', 'Belongs to SYNDICATE_087 (7 members) controlling 13 projects.', 'Contractor syndicate holds INR 62,920,000 in sanctioned public funds.', 'Entity directly holds 1 project(s) totaling INR 6,540,000.']"
V000287,Contractor Company 000287,BANK000087,SYNDICATE_087,7,1,6190000,62920000,68.81,"['Shares bank account BANK000087 with 6 other registered contractors.', 'Belongs to SYNDICATE_087 (7 members) controlling 13 projects.', 'Contractor syndicate holds INR 62,920,000 in sanctioned public funds.', 'Entity directly holds 1 project(s) totaling INR 6,190,000.']"
V000434,Contractor Company 000434,BANK000087,SYNDICATE_087,7,2,5690000,62920000,68.81,"['Shares bank account BANK000087 with 6 other registered contractors.', 'Belongs to SYNDICATE_087 (7 members) controlling 13 projects.', 'Contractor syndicate holds INR 62,920,000 in sanctioned public funds.', 'Entity directly holds 2 project(s) totaling INR 5,690,000.']"
V000040,Contractor Company 000040,BANK000087,SYNDICATE_087,7,1,2520000,62920000,68.81,"['Shares bank account BANK000087 with 6 other registered contractors.', 'Belongs to SYNDICATE_087 (7 members) controlling 13 projects.', 'Contractor syndicate holds INR 62,920,000 in sanctioned public funds.', 'Entity directly holds 1 project(s) totaling INR 2,520,000.']"
V000891,Contractor Company 000891,BANK000082,SYNDICATE_082,11,4,28660000,66270000,68.2,"['Shares bank account BANK000082 with 10 other registered contractors.', 'Belongs to SYNDICATE_082 (11 members) controlling 14 projects.', 'Contractor syndicate holds INR 66,270,000 in sanctioned public funds.', 'Entity directly holds 4 project(s) totaling INR 28,660,000.']"
V000496,Contractor Company 000496,BANK000082,SYNDICATE_082,11,2,11220000,66270000,68.2,"['Shares bank account BANK000082 with 10 other registered contractors.', 'Belongs to SYNDICATE_082 (11 members) controlling 14 projects.', 'Contractor syndicate holds INR 66,270,000 in sanctioned public funds.', 'Entity directly holds 2 project(s) totaling INR 11,220,000.']"
V000838,Contractor Company 000838,BANK000082,SYNDICATE_082,11,3,10780000,66270000,68.2,"['Shares bank account BANK000082 with 10 other registered contractors.', 'Belongs to SYNDICATE_082 (11 members) controlling 14 projects.', 'Contractor syndicate holds INR 66,270,000 in sanctioned public funds.', 'Entity directly holds 3 project(s) totaling INR 10,780,000.']"
V000190,Contractor Company 000190,BANK000082,SYNDICATE_082,11,2,10390000,66270000,68.2,"['Shares bank account BANK000082 with 10 other registered contractors.', 'Belongs to SYNDICATE_082 (11 members) controlling 14 projects.', 'Contractor syndicate holds INR 66,270,000 in sanctioned public funds.', 'Entity directly holds 2 project(s) totaling INR 10,390,000.']"
V000258,Contractor Company 000258,BANK000082,SYNDICATE_082,11,1,2660000,66270000,68.2,"['Shares bank account BANK000082 with 10 other registered contractors.', 'Belongs to SYNDICATE_082 (11 members) controlling 14 projects.', 'Contractor syndicate holds INR 66,270,000 in sanctioned public funds.', 'Entity directly holds 1 project(s) totaling INR 2,660,000.']"
V000290,Contractor Company 000290,BANK000082,SYNDICATE_082,11,1,1480000,66270000,68.2,"['Shares bank account BANK000082 with 10 other registered contractors.', 'Belongs to SYNDICATE_082 (11 members) controlling 14 projects.', 'Contractor syndicate holds INR 66,270,000 in sanctioned public funds.', 'Entity directly holds 1 project(s) totaling INR 1,480,000.']"
V000801,Contractor Company 000801,BANK000082,SYNDICATE_082,11,1,1080000,66270000,68.2,"['Shares bank account BANK000082 with 10 other registered contractors.', 'Belongs to SYNDICATE_082 (11 members) controlling 14 projects.', 'Contractor syndicate holds INR 66,270,000 in sanctioned public funds.', 'Entity directly holds 1 project(s) totaling INR 1,080,000.']"
V000527,Contractor Company 000527,BANK000082,SYNDICATE_082,11,0,0,66270000,68.2,"['Shares bank account BANK000082 with 10 other registered contractors.', 'Belongs to SYNDICATE_082 (11 members) controlling 14 projects.', 'Contractor syndicate holds INR 66,270,000 in sanctioned public funds.', 'Entity directly holds 0 project(s) totaling INR 0.']"
V000819,Contractor Company 000819,BANK000082,SYNDICATE_082,11,0,0,66270000,68.2,"['Shares bank account BANK000082 with 10 other registered contractors.', 'Belongs to SYNDICATE_082 (11 members) controlling 14 projects.', 'Contractor syndicate holds INR 66,270,000 in sanctioned public funds.', 'Entity directly holds 0 project(s) totaling INR 0.']"
V000884,Contractor Company 000884,BANK000082,SYNDICATE_082,11,0,0,66270000,68.2,"['Shares bank account BANK000082 with 10 other registered contractors.', 'Belongs to SYNDICATE_082 (11 members) controlling 14 projects.', 'Contractor syndicate holds INR 66,270,000 in sanctioned public funds.', 'Entity directly holds 0 project(s) totaling INR 0.']"
V000917,Contractor Company 000917,BANK000082,SYNDICATE_082,11,0,0,66270000,68.2,"['Shares bank account BANK000082 with 10 other registered contractors.', 'Belongs to SYNDICATE_082 (11 members) controlling 14 projects.', 'Contractor syndicate holds INR 66,270,000 in sanctioned public funds.', 'Entity directly holds 0 project(s) totaling INR 0.']"
V000138,Contractor Company 000138,BANK000025,SYNDICATE_025,6,6,32950000,70380000,68.18,"['Shares bank account BANK000025 with 5 other registered contractors.', 'Belongs to SYNDICATE_025 (6 members) controlling 14 projects.', 'Contractor syndicate holds INR 70,380,000 in sanctioned public funds.', 'Entity directly holds 6 project(s) totaling INR 32,950,000.']"
V000049,Contractor Company 000049,BANK000025,SYNDICATE_025,6,2,10850000,70380000,68.18,"['Shares bank account BANK000025 with 5 other registered contractors.', 'Belongs to SYNDICATE_025 (6 members) controlling 14 projects.', 'Contractor syndicate holds INR 70,380,000 in sanctioned public funds.', 'Entity directly holds 2 project(s) totaling INR 10,850,000.']"
V000597,Contractor Company 000597,BANK000025,SYNDICATE_025,6,1,9900000,70380000,68.18,"['Shares bank account BANK000025 with 5 other registered contractors.', 'Belongs to SYNDICATE_025 (6 members) controlling 14 projects.', 'Contractor syndicate holds INR 70,380,000 in sanctioned public funds.', 'Entity directly holds 1 project(s) totaling INR 9,900,000.']"
V000770,Contractor Company 000770,BANK000025,SYNDICATE_025,6,2,9100000,70380000,68.18,"['Shares bank account BANK000025 with 5 other registered contractors.', 'Belongs to SYNDICATE_025 (6 members) controlling 14 projects.', 'Contractor syndicate holds INR 70,380,000 in sanctioned public funds.', 'Entity directly holds 2 project(s) totaling INR 9,100,000.']"
V000773,Contractor Company 000773,BANK000025,SYNDICATE_025,6,2,6200000,70380000,68.18,"['Shares bank account BANK000025 with 5 other registered contractors.', 'Belongs to SYNDICATE_025 (6 members) controlling 14 projects.', 'Contractor syndicate holds INR 70,380,000 in sanctioned public funds.', 'Entity directly holds 2 project(s) totaling INR 6,200,000.']"
V000140,Contractor Company 000140,BANK000025,SYNDICATE_025,6,1,1380000,70380000,68.18,"['Shares bank account BANK000025 with 5 other registered contractors.', 'Belongs to SYNDICATE_025 (6 members) controlling 14 projects.', 'Contractor syndicate holds INR 70,380,000 in sanctioned public funds.', 'Entity directly holds 1 project(s) totaling INR 1,380,000.']"
V000396,Contractor Company 000396,BANK000012,SYNDICATE_012,8,5,26570000,85350000,68.17,"['Shares bank account BANK000012 with 7 other registered contractors.', 'Belongs to SYNDICATE_012 (8 members) controlling 20 projects.', 'Contractor syndicate holds INR 85,350,000 in sanctioned public funds.', 'Entity directly holds 5 project(s) totaling INR 26,570,000.']"
V000854,Contractor Company 000854,BANK000012,SYNDICATE_012,8,4,17980000,85350000,68.17,"['Shares bank account BANK000012 with 7 other registered contractors.', 'Belongs to SYNDICATE_012 (8 members) controlling 20 projects.', 'Contractor syndicate holds INR 85,350,000 in sanctioned public funds.', 'Entity directly holds 4 project(s) totaling INR 17,980,000.']"
V000600,Contractor Company 000600,BANK000012,SYNDICATE_012,8,3,13940000,85350000,68.17,"['Shares bank account BANK000012 with 7 other registered contractors.', 'Belongs to SYNDICATE_012 (8 members) controlling 20 projects.', 'Contractor syndicate holds INR 85,350,000 in sanctioned public funds.', 'Entity directly holds 3 project(s) totaling INR 13,940,000.']"
V000847,Contractor Company 000847,BANK000012,SYNDICATE_012,8,3,13130000,85350000,68.17,"['Shares bank account BANK000012 with 7 other registered contractors.', 'Belongs to SYNDICATE_012 (8 members) controlling 20 projects.', 'Contractor syndicate holds INR 85,350,000 in sanctioned public funds.', 'Entity directly holds 3 project(s) totaling INR 13,130,000.']"
V000345,Contractor Company 000345,BANK000012,SYNDICATE_012,8,2,7700000,85350000,68.17,"['Shares bank account BANK000012 with 7 other registered contractors.', 'Belongs to SYNDICATE_012 (8 members) controlling 20 projects.', 'Contractor syndicate holds INR 85,350,000 in sanctioned public funds.', 'Entity directly holds 2 project(s) totaling INR 7,700,000.']"
V000853,Contractor Company 000853,BANK000012,SYNDICATE_012,8,3,6030000,85350000,68.17,"['Shares bank account BANK000012 with 7 other registered contractors.', 'Belongs to SYNDICATE_012 (8 members) controlling 20 projects.', 'Contractor syndicate holds INR 85,350,000 in sanctioned public funds.', 'Entity directly holds 3 project(s) totaling INR 6,030,000.']"
V000118,Contractor Company 000118,BANK000012,SYNDICATE_012,8,0,0,85350000,68.17,"['Shares bank account BANK000012 with 7 other registered contractors.', 'Belongs to SYNDICATE_012 (8 members) controlling 20 projects.', 'Contractor syndicate holds INR 85,350,000 in sanctioned public funds.', 'Entity directly holds 0 project(s) totaling INR 0.']"
V000714,Contractor Company 000714,BANK000012,SYNDICATE_012,8,0,0,85350000,68.17,"['Shares bank account BANK000012 with 7 other registered contractors.', 'Belongs to SYNDICATE_012 (8 members) controlling 20 projects.', 'Contractor syndicate holds INR 85,350,000 in sanctioned public funds.', 'Entity directly holds 0 project(s) totaling INR 0.']"
V000745,Contractor Company 000745,BANK000028,SYNDICATE_028,8,4,25410000,82390000,67.8,"['Shares bank account BANK000028 with 7 other registered contractors.', 'Belongs to SYNDICATE_028 (8 members) controlling 14 projects.', 'Contractor syndicate holds INR 82,390,000 in sanctioned public funds.', 'Entity directly holds 4 project(s) totaling INR 25,410,000.']"
V000480,Contractor Company 000480,BANK000028,SYNDICATE_028,8,3,17230000,82390000,67.8,"['Shares bank account BANK000028 with 7 other registered contractors.', 'Belongs to SYNDICATE_028 (8 members) controlling 14 projects.', 'Contractor syndicate holds INR 82,390,000 in sanctioned public funds.', 'Entity directly holds 3 project(s) totaling INR 17,230,000.']"
V000301,Contractor Company 000301,BANK000028,SYNDICATE_028,8,2,12620000,82390000,67.8,"['Shares bank account BANK000028 with 7 other registered contractors.', 'Belongs to SYNDICATE_028 (8 members) controlling 14 projects.', 'Contractor syndicate holds INR 82,390,000 in sanctioned public funds.', 'Entity directly holds 2 project(s) totaling INR 12,620,000.']"
V000983,Contractor Company 000983,BANK000028,SYNDICATE_028,8,2,9820000,82390000,67.8,"['Shares bank account BANK000028 with 7 other registered contractors.', 'Belongs to SYNDICATE_028 (8 members) controlling 14 projects.', 'Contractor syndicate holds INR 82,390,000 in sanctioned public funds.', 'Entity directly holds 2 project(s) totaling INR 9,820,000.']"
V000799,Contractor Company 000799,BANK000028,SYNDICATE_028,8,1,9470000,82390000,67.8,"['Shares bank account BANK000028 with 7 other registered contractors.', 'Belongs to SYNDICATE_028 (8 members) controlling 14 projects.', 'Contractor syndicate holds INR 82,390,000 in sanctioned public funds.', 'Entity directly holds 1 project(s) totaling INR 9,470,000.']"
V000088,Contractor Company 000088,BANK000028,SYNDICATE_028,8,2,7840000,82390000,67.8,"['Shares bank account BANK000028 with 7 other registered contractors.', 'Belongs to SYNDICATE_028 (8 members) controlling 14 projects.', 'Contractor syndicate holds INR 82,390,000 in sanctioned public funds.', 'Entity directly holds 2 project(s) totaling INR 7,840,000.']"
V000122,Contractor Company 000122,BANK000028,SYNDICATE_028,8,0,0,82390000,67.8,"['Shares bank account BANK000028 with 7 other registered contractors.', 'Belongs to SYNDICATE_028 (8 members) controlling 14 projects.', 'Contractor syndicate holds INR 82,390,000 in sanctioned public funds.', 'Entity directly holds 0 project(s) totaling INR 0.']"
V000658,Contractor Company 000658,BANK000028,SYNDICATE_028,8,0,0,82390000,67.8,"['Shares bank account BANK000028 with 7 other registered contractors.', 'Belongs to SYNDICATE_028 (8 members) controlling 14 projects.', 'Contractor syndicate holds INR 82,390,000 in sanctioned public funds.', 'Entity directly holds 0 project(s) totaling INR 0.']"
V000386,Contractor Company 000386,BANK000023,SYNDICATE_023,9,3,18830000,62630000,67.45,"['Shares bank account BANK000023 with 8 other registered contractors.', 'Belongs to SYNDICATE_023 (9 members) controlling 14 projects.', 'Contractor syndicate holds INR 62,630,000 in sanctioned public funds.', 'Entity directly holds 3 project(s) totaling INR 18,830,000.']"
V000913,Contractor Company 000913,BANK000023,SYNDICATE_023,9,2,11560000,62630000,67.45,"['Shares bank account BANK000023 with 8 other registered contractors.', 'Belongs to SYNDICATE_023 (9 members) controlling 14 projects.', 'Contractor syndicate holds INR 62,630,000 in sanctioned public funds.', 'Entity directly holds 2 project(s) totaling INR 11,560,000.']"
V000275,Contractor Company 000275,BANK000023,SYNDICATE_023,9,2,10300000,62630000,67.45,"['Shares bank account BANK000023 with 8 other registered contractors.', 'Belongs to SYNDICATE_023 (9 members) controlling 14 projects.', 'Contractor syndicate holds INR 62,630,000 in sanctioned public funds.', 'Entity directly holds 2 project(s) totaling INR 10,300,000.']"
V000730,Contractor Company 000730,BANK000023,SYNDICATE_023,9,2,9910000,62630000,67.45,"['Shares bank account BANK000023 with 8 other registered contractors.', 'Belongs to SYNDICATE_023 (9 members) controlling 14 projects.', 'Contractor syndicate holds INR 62,630,000 in sanctioned public funds.', 'Entity directly holds 2 project(s) totaling INR 9,910,000.']"
V000250,Contractor Company 000250,BANK000023,SYNDICATE_023,9,2,6400000,62630000,67.45,"['Shares bank account BANK000023 with 8 other registered contractors.', 'Belongs to SYNDICATE_023 (9 members) controlling 14 projects.', 'Contractor syndicate holds INR 62,630,000 in sanctioned public funds.', 'Entity directly holds 2 project(s) totaling INR 6,400,000.']"
V000053,Contractor Company 000053,BANK000023,SYNDICATE_023,9,2,4720000,62630000,67.45,"['Shares bank account BANK000023 with 8 other registered contractors.', 'Belongs to SYNDICATE_023 (9 members) controlling 14 projects.', 'Contractor syndicate holds INR 62,630,000 in sanctioned public funds.', 'Entity directly holds 2 project(s) totaling INR 4,720,000.']"
V000316,Contractor Company 000316,BANK000023,SYNDICATE_023,9,1,910000,62630000,67.45,"['Shares bank account BANK000023 with 8 other registered contractors.', 'Belongs to SYNDICATE_023 (9 members) controlling 14 projects.', 'Contractor syndicate holds INR 62,630,000 in sanctioned public funds.', 'Entity directly holds 1 project(s) totaling INR 910,000.']"
V000019,Contractor Company 000019,BANK000023,SYNDICATE_023,9,0,0,62630000,67.45,"['Shares bank account BANK000023 with 8 other registered contractors.', 'Belongs to SYNDICATE_023 (9 members) controlling 14 projects.', 'Contractor syndicate holds INR 62,630,000 in sanctioned public funds.', 'Entity directly holds 0 project(s) totaling INR 0.']"
V000114,Contractor Company 000114,BANK000023,SYNDICATE_023,9,0,0,62630000,67.45,"['Shares bank account BANK000023 with 8 other registered contractors.', 'Belongs to SYNDICATE_023 (9 members) controlling 14 projects.', 'Contractor syndicate holds INR 62,630,000 in sanctioned public funds.', 'Entity directly holds 0 project(s) totaling INR 0.']"
V000608,Contractor Company 000608,BANK000047,SYNDICATE_047,7,4,25620000,74400000,67.38,"['Shares bank account BANK000047 with 6 other registered contractors.', 'Belongs to SYNDICATE_047 (7 members) controlling 12 projects.', 'Contractor syndicate holds INR 74,400,000 in sanctioned public funds.', 'Entity directly holds 4 project(s) totaling INR 25,620,000.']"
V000002,Contractor Company 000002,BANK000047,SYNDICATE_047,7,2,16230000,74400000,67.38,"['Shares bank account BANK000047 with 6 other registered contractors.', 'Belongs to SYNDICATE_047 (7 members) controlling 12 projects.', 'Contractor syndicate holds INR 74,400,000 in sanctioned public funds.', 'Entity directly holds 2 project(s) totaling INR 16,230,000.']"
V000610,Contractor Company 000610,BANK000047,SYNDICATE_047,7,2,15240000,74400000,67.38,"['Shares bank account BANK000047 with 6 other registered contractors.', 'Belongs to SYNDICATE_047 (7 members) controlling 12 projects.', 'Contractor syndicate holds INR 74,400,000 in sanctioned public funds.', 'Entity directly holds 2 project(s) totaling INR 15,240,000.']"
V000443,Contractor Company 000443,BANK000047,SYNDICATE_047,7,2,8810000,74400000,67.38,"['Shares bank account BANK000047 with 6 other registered contractors.', 'Belongs to SYNDICATE_047 (7 members) controlling 12 projects.', 'Contractor syndicate holds INR 74,400,000 in sanctioned public funds.', 'Entity directly holds 2 project(s) totaling INR 8,810,000.']"
V000878,Contractor Company 000878,BANK000047,SYNDICATE_047,7,1,7100000,74400000,67.38,"['Shares bank account BANK000047 with 6 other registered contractors.', 'Belongs to SYNDICATE_047 (7 members) controlling 12 projects.', 'Contractor syndicate holds INR 74,400,000 in sanctioned public funds.', 'Entity directly holds 1 project(s) totaling INR 7,100,000.']"
V000616,Contractor Company 000616,BANK000047,SYNDICATE_047,7,1,1400000,74400000,67.38,"['Shares bank account BANK000047 with 6 other registered contractors.', 'Belongs to SYNDICATE_047 (7 members) controlling 12 projects.', 'Contractor syndicate holds INR 74,400,000 in sanctioned public funds.', 'Entity directly holds 1 project(s) totaling INR 1,400,000.']"
V000273,Contractor Company 000273,BANK000047,SYNDICATE_047,7,0,0,74400000,67.38,"['Shares bank account BANK000047 with 6 other registered contractors.', 'Belongs to SYNDICATE_047 (7 members) controlling 12 projects.', 'Contractor syndicate holds INR 74,400,000 in sanctioned public funds.', 'Entity directly holds 0 project(s) totaling INR 0.']"
V000694,Contractor Company 000694,BANK000034,SYNDICATE_034,6,3,17960000,61700000,67.09,"['Shares bank account BANK000034 with 5 other registered contractors.', 'Belongs to SYNDICATE_034 (6 members) controlling 11 projects.', 'Contractor syndicate holds INR 61,700,000 in sanctioned public funds.', 'Entity directly holds 3 project(s) totaling INR 17,960,000.']"
V000061,Contractor Company 000061,BANK000034,SYNDICATE_034,6,2,15120000,61700000,67.09,"['Shares bank account BANK000034 with 5 other registered contractors.', 'Belongs to SYNDICATE_034 (6 members) controlling 11 projects.', 'Contractor syndicate holds INR 61,700,000 in sanctioned public funds.', 'Entity directly holds 2 project(s) totaling INR 15,120,000.']"
V000087,Contractor Company 000087,BANK000034,SYNDICATE_034,6,2,14870000,61700000,67.09,"['Shares bank account BANK000034 with 5 other registered contractors.', 'Belongs to SYNDICATE_034 (6 members) controlling 11 projects.', 'Contractor syndicate holds INR 61,700,000 in sanctioned public funds.', 'Entity directly holds 2 project(s) totaling INR 14,870,000.']"
V000320,Contractor Company 000320,BANK000034,SYNDICATE_034,6,2,6440000,61700000,67.09,"['Shares bank account BANK000034 with 5 other registered contractors.', 'Belongs to SYNDICATE_034 (6 members) controlling 11 projects.', 'Contractor syndicate holds INR 61,700,000 in sanctioned public funds.', 'Entity directly holds 2 project(s) totaling INR 6,440,000.']"
V000578,Contractor Company 000578,BANK000034,SYNDICATE_034,6,1,6360000,61700000,67.09,"['Shares bank account BANK000034 with 5 other registered contractors.', 'Belongs to SYNDICATE_034 (6 members) controlling 11 projects.', 'Contractor syndicate holds INR 61,700,000 in sanctioned public funds.', 'Entity directly holds 1 project(s) totaling INR 6,360,000.']"
V000785,Contractor Company 000785,BANK000034,SYNDICATE_034,6,1,950000,61700000,67.09,"['Shares bank account BANK000034 with 5 other registered contractors.', 'Belongs to SYNDICATE_034 (6 members) controlling 11 projects.', 'Contractor syndicate holds INR 61,700,000 in sanctioned public funds.', 'Entity directly holds 1 project(s) totaling INR 950,000.']"
V000834,Contractor Company 000834,BANK000013,SYNDICATE_013,10,3,21210000,57360000,66.79,"['Shares bank account BANK000013 with 9 other registered contractors.', 'Belongs to SYNDICATE_013 (10 members) controlling 11 projects.', 'Contractor syndicate holds INR 57,360,000 in sanctioned public funds.', 'Entity directly holds 3 project(s) totaling INR 21,210,000.']"
V000294,Contractor Company 000294,BANK000013,SYNDICATE_013,10,2,9820000,57360000,66.79,"['Shares bank account BANK000013 with 9 other registered contractors.', 'Belongs to SYNDICATE_013 (10 members) controlling 11 projects.', 'Contractor syndicate holds INR 57,360,000 in sanctioned public funds.', 'Entity directly holds 2 project(s) totaling INR 9,820,000.']"
V000999,Contractor Company 000999,BANK000013,SYNDICATE_013,10,2,8030000,57360000,66.79,"['Shares bank account BANK000013 with 9 other registered contractors.', 'Belongs to SYNDICATE_013 (10 members) controlling 11 projects.', 'Contractor syndicate holds INR 57,360,000 in sanctioned public funds.', 'Entity directly holds 2 project(s) totaling INR 8,030,000.']"
V000475,Contractor Company 000475,BANK000013,SYNDICATE_013,10,1,8010000,57360000,66.79,"['Shares bank account BANK000013 with 9 other registered contractors.', 'Belongs to SYNDICATE_013 (10 members) controlling 11 projects.', 'Contractor syndicate holds INR 57,360,000 in sanctioned public funds.', 'Entity directly holds 1 project(s) totaling INR 8,010,000.']"
V000243,Contractor Company 000243,BANK000013,SYNDICATE_013,10,1,4980000,57360000,66.79,"['Shares bank account BANK000013 with 9 other registered contractors.', 'Belongs to SYNDICATE_013 (10 members) controlling 11 projects.', 'Contractor syndicate holds INR 57,360,000 in sanctioned public funds.', 'Entity directly holds 1 project(s) totaling INR 4,980,000.']"
V000822,Contractor Company 000822,BANK000013,SYNDICATE_013,10,1,3690000,57360000,66.79,"['Shares bank account BANK000013 with 9 other registered contractors.', 'Belongs to SYNDICATE_013 (10 members) controlling 11 projects.', 'Contractor syndicate holds INR 57,360,000 in sanctioned public funds.', 'Entity directly holds 1 project(s) totaling INR 3,690,000.']"
V000781,Contractor Company 000781,BANK000013,SYNDICATE_013,10,1,1620000,57360000,66.79,"['Shares bank account BANK000013 with 9 other registered contractors.', 'Belongs to SYNDICATE_013 (10 members) controlling 11 projects.', 'Contractor syndicate holds INR 57,360,000 in sanctioned public funds.', 'Entity directly holds 1 project(s) totaling INR 1,620,000.']"
V000142,Contractor Company 000142,BANK000013,SYNDICATE_013,10,0,0,57360000,66.79,"['Shares bank account BANK000013 with 9 other registered contractors.', 'Belongs to SYNDICATE_013 (10 members) controlling 11 projects.', 'Contractor syndicate holds INR 57,360,000 in sanctioned public funds.', 'Entity directly holds 0 project(s) totaling INR 0.']"
V000664,Contractor Company 000664,BANK000013,SYNDICATE_013,10,0,0,57360000,66.79,"['Shares bank account BANK000013 with 9 other registered contractors.', 'Belongs to SYNDICATE_013 (10 members) controlling 11 projects.', 'Contractor syndicate holds INR 57,360,000 in sanctioned public funds.', 'Entity directly holds 0 project(s) totaling INR 0.']"
V000896,Contractor Company 000896,BANK000013,SYNDICATE_013,10,0,0,57360000,66.79,"['Shares bank account BANK000013 with 9 other registered contractors.', 'Belongs to SYNDICATE_013 (10 members) controlling 11 projects.', 'Contractor syndicate holds INR 57,360,000 in sanctioned public funds.', 'Entity directly holds 0 project(s) totaling INR 0.']"
V000956,Contractor Company 000956,BANK000070,SYNDICATE_070,8,3,21860000,70500000,66.31,"['Shares bank account BANK000070 with 7 other registered contractors.', 'Belongs to SYNDICATE_070 (8 members) controlling 13 projects.', 'Contractor syndicate holds INR 70,500,000 in sanctioned public funds.', 'Entity directly holds 3 project(s) totaling INR 21,860,000.']"
V000276,Contractor Company 000276,BANK000070,SYNDICATE_070,8,3,17710000,70500000,66.31,"['Shares bank account BANK000070 with 7 other registered contractors.', 'Belongs to SYNDICATE_070 (8 members) controlling 13 projects.', 'Contractor syndicate holds INR 70,500,000 in sanctioned public funds.', 'Entity directly holds 3 project(s) totaling INR 17,710,000.']"
V000889,Contractor Company 000889,BANK000070,SYNDICATE_070,8,2,10190000,70500000,66.31,"['Shares bank account BANK000070 with 7 other registered contractors.', 'Belongs to SYNDICATE_070 (8 members) controlling 13 projects.', 'Contractor syndicate holds INR 70,500,000 in sanctioned public funds.', 'Entity directly holds 2 project(s) totaling INR 10,190,000.']"
V000071,Contractor Company 000071,BANK000070,SYNDICATE_070,8,2,8290000,70500000,66.31,"['Shares bank account BANK000070 with 7 other registered contractors.', 'Belongs to SYNDICATE_070 (8 members) controlling 13 projects.', 'Contractor syndicate holds INR 70,500,000 in sanctioned public funds.', 'Entity directly holds 2 project(s) totaling INR 8,290,000.']"
V000520,Contractor Company 000520,BANK000070,SYNDICATE_070,8,2,8030000,70500000,66.31,"['Shares bank account BANK000070 with 7 other registered contractors.', 'Belongs to SYNDICATE_070 (8 members) controlling 13 projects.', 'Contractor syndicate holds INR 70,500,000 in sanctioned public funds.', 'Entity directly holds 2 project(s) totaling INR 8,030,000.']"
V000955,Contractor Company 000955,BANK000070,SYNDICATE_070,8,1,4420000,70500000,66.31,"['Shares bank account BANK000070 with 7 other registered contractors.', 'Belongs to SYNDICATE_070 (8 members) controlling 13 projects.', 'Contractor syndicate holds INR 70,500,000 in sanctioned public funds.', 'Entity directly holds 1 project(s) totaling INR 4,420,000.']"
V000509,Contractor Company 000509,BANK000070,SYNDICATE_070,8,0,0,70500000,66.31,"['Shares bank account BANK000070 with 7 other registered contractors.', 'Belongs to SYNDICATE_070 (8 members) controlling 13 projects.', 'Contractor syndicate holds INR 70,500,000 in sanctioned public funds.', 'Entity directly holds 0 project(s) totaling INR 0.']"
V000550,Contractor Company 000550,BANK000070,SYNDICATE_070,8,0,0,70500000,66.31,"['Shares bank account BANK000070 with 7 other registered contractors.', 'Belongs to SYNDICATE_070 (8 members) controlling 13 projects.', 'Contractor syndicate holds INR 70,500,000 in sanctioned public funds.', 'Entity directly holds 0 project(s) totaling INR 0.']"
V000960,Contractor Company 000960,BANK000016,SYNDICATE_016,7,4,20430000,63580000,66.03,"['Shares bank account BANK000016 with 6 other registered contractors.', 'Belongs to SYNDICATE_016 (7 members) controlling 13 projects.', 'Contractor syndicate holds INR 63,580,000 in sanctioned public funds.', 'Entity directly holds 4 project(s) totaling INR 20,430,000.']"
V000306,Contractor Company 000306,BANK000016,SYNDICATE_016,7,3,13210000,63580000,66.03,"['Shares bank account BANK000016 with 6 other registered contractors.', 'Belongs to SYNDICATE_016 (7 members) controlling 13 projects.', 'Contractor syndicate holds INR 63,580,000 in sanctioned public funds.', 'Entity directly holds 3 project(s) totaling INR 13,210,000.']"
V000107,Contractor Company 000107,BANK000016,SYNDICATE_016,7,2,9450000,63580000,66.03,"['Shares bank account BANK000016 with 6 other registered contractors.', 'Belongs to SYNDICATE_016 (7 members) controlling 13 projects.', 'Contractor syndicate holds INR 63,580,000 in sanctioned public funds.', 'Entity directly holds 2 project(s) totaling INR 9,450,000.']"
V000653,Contractor Company 000653,BANK000016,SYNDICATE_016,7,2,8480000,63580000,66.03,"['Shares bank account BANK000016 with 6 other registered contractors.', 'Belongs to SYNDICATE_016 (7 members) controlling 13 projects.', 'Contractor syndicate holds INR 63,580,000 in sanctioned public funds.', 'Entity directly holds 2 project(s) totaling INR 8,480,000.']"
V000206,Contractor Company 000206,BANK000016,SYNDICATE_016,7,1,7650000,63580000,66.03,"['Shares bank account BANK000016 with 6 other registered contractors.', 'Belongs to SYNDICATE_016 (7 members) controlling 13 projects.', 'Contractor syndicate holds INR 63,580,000 in sanctioned public funds.', 'Entity directly holds 1 project(s) totaling INR 7,650,000.']"
V000055,Contractor Company 000055,BANK000016,SYNDICATE_016,7,1,4360000,63580000,66.03,"['Shares bank account BANK000016 with 6 other registered contractors.', 'Belongs to SYNDICATE_016 (7 members) controlling 13 projects.', 'Contractor syndicate holds INR 63,580,000 in sanctioned public funds.', 'Entity directly holds 1 project(s) totaling INR 4,360,000.']"
V000542,Contractor Company 000542,BANK000016,SYNDICATE_016,7,0,0,63580000,66.03,"['Shares bank account BANK000016 with 6 other registered contractors.', 'Belongs to SYNDICATE_016 (7 members) controlling 13 projects.', 'Contractor syndicate holds INR 63,580,000 in sanctioned public funds.', 'Entity directly holds 0 project(s) totaling INR 0.']"
V000769,Contractor Company 000769,BANK000078,SYNDICATE_078,7,3,22630000,63400000,66.0,"['Shares bank account BANK000078 with 6 other registered contractors.', 'Belongs to SYNDICATE_078 (7 members) controlling 12 projects.', 'Contractor syndicate holds INR 63,400,000 in sanctioned public funds.', 'Entity directly holds 3 project(s) totaling INR 22,630,000.']"
V000361,Contractor Company 000361,BANK000078,SYNDICATE_078,7,3,15360000,63400000,66.0,"['Shares bank account BANK000078 with 6 other registered contractors.', 'Belongs to SYNDICATE_078 (7 members) controlling 12 projects.', 'Contractor syndicate holds INR 63,400,000 in sanctioned public funds.', 'Entity directly holds 3 project(s) totaling INR 15,360,000.']"
V000534,Contractor Company 000534,BANK000078,SYNDICATE_078,7,1,8870000,63400000,66.0,"['Shares bank account BANK000078 with 6 other registered contractors.', 'Belongs to SYNDICATE_078 (7 members) controlling 12 projects.', 'Contractor syndicate holds INR 63,400,000 in sanctioned public funds.', 'Entity directly holds 1 project(s) totaling INR 8,870,000.']"
V000266,Contractor Company 000266,BANK000078,SYNDICATE_078,7,1,6200000,63400000,66.0,"['Shares bank account BANK000078 with 6 other registered contractors.', 'Belongs to SYNDICATE_078 (7 members) controlling 12 projects.', 'Contractor syndicate holds INR 63,400,000 in sanctioned public funds.', 'Entity directly holds 1 project(s) totaling INR 6,200,000.']"
V000678,Contractor Company 000678,BANK000078,SYNDICATE_078,7,1,5950000,63400000,66.0,"['Shares bank account BANK000078 with 6 other registered contractors.', 'Belongs to SYNDICATE_078 (7 members) controlling 12 projects.', 'Contractor syndicate holds INR 63,400,000 in sanctioned public funds.', 'Entity directly holds 1 project(s) totaling INR 5,950,000.']"
V000375,Contractor Company 000375,BANK000078,SYNDICATE_078,7,3,4390000,63400000,66.0,"['Shares bank account BANK000078 with 6 other registered contractors.', 'Belongs to SYNDICATE_078 (7 members) controlling 12 projects.', 'Contractor syndicate holds INR 63,400,000 in sanctioned public funds.', 'Entity directly holds 3 project(s) totaling INR 4,390,000.']"
V000617,Contractor Company 000617,BANK000078,SYNDICATE_078,7,0,0,63400000,66.0,"['Shares bank account BANK000078 with 6 other registered contractors.', 'Belongs to SYNDICATE_078 (7 members) controlling 12 projects.', 'Contractor syndicate holds INR 63,400,000 in sanctioned public funds.', 'Entity directly holds 0 project(s) totaling INR 0.']"
V000228,Contractor Company 000228,BANK000006,SYNDICATE_006,7,3,23150000,62170000,65.85,"['Shares bank account BANK000006 with 6 other registered contractors.', 'Belongs to SYNDICATE_006 (7 members) controlling 12 projects.', 'Contractor syndicate holds INR 62,170,000 in sanctioned public funds.', 'Entity directly holds 3 project(s) totaling INR 23,150,000.']"
V000326,Contractor Company 000326,BANK000006,SYNDICATE_006,7,2,13000000,62170000,65.85,"['Shares bank account BANK000006 with 6 other registered contractors.', 'Belongs to SYNDICATE_006 (7 members) controlling 12 projects.', 'Contractor syndicate holds INR 62,170,000 in sanctioned public funds.', 'Entity directly holds 2 project(s) totaling INR 13,000,000.']"
V000988,Contractor Company 000988,BANK000006,SYNDICATE_006,7,3,8010000,62170000,65.85,"['Shares bank account BANK000006 with 6 other registered contractors.', 'Belongs to SYNDICATE_006 (7 members) controlling 12 projects.', 'Contractor syndicate holds INR 62,170,000 in sanctioned public funds.', 'Entity directly holds 3 project(s) totaling INR 8,010,000.']"
V000501,Contractor Company 000501,BANK000006,SYNDICATE_006,7,1,6910000,62170000,65.85,"['Shares bank account BANK000006 with 6 other registered contractors.', 'Belongs to SYNDICATE_006 (7 members) controlling 12 projects.', 'Contractor syndicate holds INR 62,170,000 in sanctioned public funds.', 'Entity directly holds 1 project(s) totaling INR 6,910,000.']"
V000245,Contractor Company 000245,BANK000006,SYNDICATE_006,7,1,6830000,62170000,65.85,"['Shares bank account BANK000006 with 6 other registered contractors.', 'Belongs to SYNDICATE_006 (7 members) controlling 12 projects.', 'Contractor syndicate holds INR 62,170,000 in sanctioned public funds.', 'Entity directly holds 1 project(s) totaling INR 6,830,000.']"
V000380,Contractor Company 000380,BANK000006,SYNDICATE_006,7,2,4270000,62170000,65.85,"['Shares bank account BANK000006 with 6 other registered contractors.', 'Belongs to SYNDICATE_006 (7 members) controlling 12 projects.', 'Contractor syndicate holds INR 62,170,000 in sanctioned public funds.', 'Entity directly holds 2 project(s) totaling INR 4,270,000.']"
V000187,Contractor Company 000187,BANK000006,SYNDICATE_006,7,0,0,62170000,65.85,"['Shares bank account BANK000006 with 6 other registered contractors.', 'Belongs to SYNDICATE_006 (7 members) controlling 12 projects.', 'Contractor syndicate holds INR 62,170,000 in sanctioned public funds.', 'Entity directly holds 0 project(s) totaling INR 0.']"
V000341,Contractor Company 000341,BANK000052,SYNDICATE_052,7,3,19170000,61300000,65.74,"['Shares bank account BANK000052 with 6 other registered contractors.', 'Belongs to SYNDICATE_052 (7 members) controlling 11 projects.', 'Contractor syndicate holds INR 61,300,000 in sanctioned public funds.', 'Entity directly holds 3 project(s) totaling INR 19,170,000.']"
V000032,Contractor Company 000032,BANK000052,SYNDICATE_052,7,2,13220000,61300000,65.74,"['Shares bank account BANK000052 with 6 other registered contractors.', 'Belongs to SYNDICATE_052 (7 members) controlling 11 projects.', 'Contractor syndicate holds INR 61,300,000 in sanctioned public funds.', 'Entity directly holds 2 project(s) totaling INR 13,220,000.']"
V000398,Contractor Company 000398,BANK000052,SYNDICATE_052,7,2,9600000,61300000,65.74,"['Shares bank account BANK000052 with 6 other registered contractors.', 'Belongs to SYNDICATE_052 (7 members) controlling 11 projects.', 'Contractor syndicate holds INR 61,300,000 in sanctioned public funds.', 'Entity directly holds 2 project(s) totaling INR 9,600,000.']"
V000050,Contractor Company 000050,BANK000052,SYNDICATE_052,7,2,9520000,61300000,65.74,"['Shares bank account BANK000052 with 6 other registered contractors.', 'Belongs to SYNDICATE_052 (7 members) controlling 11 projects.', 'Contractor syndicate holds INR 61,300,000 in sanctioned public funds.', 'Entity directly holds 2 project(s) totaling INR 9,520,000.']"
V000688,Contractor Company 000688,BANK000052,SYNDICATE_052,7,1,6410000,61300000,65.74,"['Shares bank account BANK000052 with 6 other registered contractors.', 'Belongs to SYNDICATE_052 (7 members) controlling 11 projects.', 'Contractor syndicate holds INR 61,300,000 in sanctioned public funds.', 'Entity directly holds 1 project(s) totaling INR 6,410,000.']"
V000817,Contractor Company 000817,BANK000052,SYNDICATE_052,7,1,3380000,61300000,65.74,"['Shares bank account BANK000052 with 6 other registered contractors.', 'Belongs to SYNDICATE_052 (7 members) controlling 11 projects.', 'Contractor syndicate holds INR 61,300,000 in sanctioned public funds.', 'Entity directly holds 1 project(s) totaling INR 3,380,000.']"
V000036,Contractor Company 000036,BANK000052,SYNDICATE_052,7,0,0,61300000,65.74,"['Shares bank account BANK000052 with 6 other registered contractors.', 'Belongs to SYNDICATE_052 (7 members) controlling 11 projects.', 'Contractor syndicate holds INR 61,300,000 in sanctioned public funds.', 'Entity directly holds 0 project(s) totaling INR 0.']"
V000251,Contractor Company 000251,BANK000049,SYNDICATE_049,7,2,14270000,52900000,64.69,"['Shares bank account BANK000049 with 6 other registered contractors.', 'Belongs to SYNDICATE_049 (7 members) controlling 10 projects.', 'Contractor syndicate holds INR 52,900,000 in sanctioned public funds.', 'Entity directly holds 2 project(s) totaling INR 14,270,000.']"
V000886,Contractor Company 000886,BANK000049,SYNDICATE_049,7,3,12750000,52900000,64.69,"['Shares bank account BANK000049 with 6 other registered contractors.', 'Belongs to SYNDICATE_049 (7 members) controlling 10 projects.', 'Contractor syndicate holds INR 52,900,000 in sanctioned public funds.', 'Entity directly holds 3 project(s) totaling INR 12,750,000.']"
V000727,Contractor Company 000727,BANK000049,SYNDICATE_049,7,1,9580000,52900000,64.69,"['Shares bank account BANK000049 with 6 other registered contractors.', 'Belongs to SYNDICATE_049 (7 members) controlling 10 projects.', 'Contractor syndicate holds INR 52,900,000 in sanctioned public funds.', 'Entity directly holds 1 project(s) totaling INR 9,580,000.']"
V000368,Contractor Company 000368,BANK000049,SYNDICATE_049,7,2,8520000,52900000,64.69,"['Shares bank account BANK000049 with 6 other registered contractors.', 'Belongs to SYNDICATE_049 (7 members) controlling 10 projects.', 'Contractor syndicate holds INR 52,900,000 in sanctioned public funds.', 'Entity directly holds 2 project(s) totaling INR 8,520,000.']"
V000877,Contractor Company 000877,BANK000049,SYNDICATE_049,7,1,6990000,52900000,64.69,"['Shares bank account BANK000049 with 6 other registered contractors.', 'Belongs to SYNDICATE_049 (7 members) controlling 10 projects.', 'Contractor syndicate holds INR 52,900,000 in sanctioned public funds.', 'Entity directly holds 1 project(s) totaling INR 6,990,000.']"
V000334,Contractor Company 000334,BANK000049,SYNDICATE_049,7,1,790000,52900000,64.69,"['Shares bank account BANK000049 with 6 other registered contractors.', 'Belongs to SYNDICATE_049 (7 members) controlling 10 projects.', 'Contractor syndicate holds INR 52,900,000 in sanctioned public funds.', 'Entity directly holds 1 project(s) totaling INR 790,000.']"
V000286,Contractor Company 000286,BANK000049,SYNDICATE_049,7,0,0,52900000,64.69,"['Shares bank account BANK000049 with 6 other registered contractors.', 'Belongs to SYNDICATE_049 (7 members) controlling 10 projects.', 'Contractor syndicate holds INR 52,900,000 in sanctioned public funds.', 'Entity directly holds 0 project(s) totaling INR 0.']"
V000046,Contractor Company 000046,BANK000004,SYNDICATE_004,9,4,18170000,57480000,64.57,"['Shares bank account BANK000004 with 8 other registered contractors.', 'Belongs to SYNDICATE_004 (9 members) controlling 11 projects.', 'Contractor syndicate holds INR 57,480,000 in sanctioned public funds.', 'Entity directly holds 4 project(s) totaling INR 18,170,000.']"
V000317,Contractor Company 000317,BANK000004,SYNDICATE_004,9,2,11520000,57480000,64.57,"['Shares bank account BANK000004 with 8 other registered contractors.', 'Belongs to SYNDICATE_004 (9 members) controlling 11 projects.', 'Contractor syndicate holds INR 57,480,000 in sanctioned public funds.', 'Entity directly holds 2 project(s) totaling INR 11,520,000.']"
V000080,Contractor Company 000080,BANK000004,SYNDICATE_004,9,2,11370000,57480000,64.57,"['Shares bank account BANK000004 with 8 other registered contractors.', 'Belongs to SYNDICATE_004 (9 members) controlling 11 projects.', 'Contractor syndicate holds INR 57,480,000 in sanctioned public funds.', 'Entity directly holds 2 project(s) totaling INR 11,370,000.']"
V000007,Contractor Company 000007,BANK000004,SYNDICATE_004,9,1,9000000,57480000,64.57,"['Shares bank account BANK000004 with 8 other registered contractors.', 'Belongs to SYNDICATE_004 (9 members) controlling 11 projects.', 'Contractor syndicate holds INR 57,480,000 in sanctioned public funds.', 'Entity directly holds 1 project(s) totaling INR 9,000,000.']"
V000918,Contractor Company 000918,BANK000004,SYNDICATE_004,9,1,6220000,57480000,64.57,"['Shares bank account BANK000004 with 8 other registered contractors.', 'Belongs to SYNDICATE_004 (9 members) controlling 11 projects.', 'Contractor syndicate holds INR 57,480,000 in sanctioned public funds.', 'Entity directly holds 1 project(s) totaling INR 6,220,000.']"
V000018,Contractor Company 000018,BANK000004,SYNDICATE_004,9,1,1200000,57480000,64.57,"['Shares bank account BANK000004 with 8 other registered contractors.', 'Belongs to SYNDICATE_004 (9 members) controlling 11 projects.', 'Contractor syndicate holds INR 57,480,000 in sanctioned public funds.', 'Entity directly holds 1 project(s) totaling INR 1,200,000.']"
V000013,Contractor Company 000013,BANK000004,SYNDICATE_004,9,0,0,57480000,64.57,"['Shares bank account BANK000004 with 8 other registered contractors.', 'Belongs to SYNDICATE_004 (9 members) controlling 11 projects.', 'Contractor syndicate holds INR 57,480,000 in sanctioned public funds.', 'Entity directly holds 0 project(s) totaling INR 0.']"
V000288,Contractor Company 000288,BANK000004,SYNDICATE_004,9,0,0,57480000,64.57,"['Shares bank account BANK000004 with 8 other registered contractors.', 'Belongs to SYNDICATE_004 (9 members) controlling 11 projects.', 'Contractor syndicate holds INR 57,480,000 in sanctioned public funds.', 'Entity directly holds 0 project(s) totaling INR 0.']"
V000948,Contractor Company 000948,BANK000004,SYNDICATE_004,9,0,0,57480000,64.57,"['Shares bank account BANK000004 with 8 other registered contractors.', 'Belongs to SYNDICATE_004 (9 members) controlling 11 projects.', 'Contractor syndicate holds INR 57,480,000 in sanctioned public funds.', 'Entity directly holds 0 project(s) totaling INR 0.']"
V000366,Contractor Company 000366,BANK000019,SYNDICATE_019,8,3,15850000,55200000,64.4,"['Shares bank account BANK000019 with 7 other registered contractors.', 'Belongs to SYNDICATE_019 (8 members) controlling 10 projects.', 'Contractor syndicate holds INR 55,200,000 in sanctioned public funds.', 'Entity directly holds 3 project(s) totaling INR 15,850,000.']"
V000593,Contractor Company 000593,BANK000019,SYNDICATE_019,8,2,12220000,55200000,64.4,"['Shares bank account BANK000019 with 7 other registered contractors.', 'Belongs to SYNDICATE_019 (8 members) controlling 10 projects.', 'Contractor syndicate holds INR 55,200,000 in sanctioned public funds.', 'Entity directly holds 2 project(s) totaling INR 12,220,000.']"
V000587,Contractor Company 000587,BANK000019,SYNDICATE_019,8,2,10440000,55200000,64.4,"['Shares bank account BANK000019 with 7 other registered contractors.', 'Belongs to SYNDICATE_019 (8 members) controlling 10 projects.', 'Contractor syndicate holds INR 55,200,000 in sanctioned public funds.', 'Entity directly holds 2 project(s) totaling INR 10,440,000.']"
V000635,Contractor Company 000635,BANK000019,SYNDICATE_019,8,1,8810000,55200000,64.4,"['Shares bank account BANK000019 with 7 other registered contractors.', 'Belongs to SYNDICATE_019 (8 members) controlling 10 projects.', 'Contractor syndicate holds INR 55,200,000 in sanctioned public funds.', 'Entity directly holds 1 project(s) totaling INR 8,810,000.']"
V000974,Contractor Company 000974,BANK000019,SYNDICATE_019,8,1,6990000,55200000,64.4,"['Shares bank account BANK000019 with 7 other registered contractors.', 'Belongs to SYNDICATE_019 (8 members) controlling 10 projects.', 'Contractor syndicate holds INR 55,200,000 in sanctioned public funds.', 'Entity directly holds 1 project(s) totaling INR 6,990,000.']"
V000530,Contractor Company 000530,BANK000019,SYNDICATE_019,8,1,890000,55200000,64.4,"['Shares bank account BANK000019 with 7 other registered contractors.', 'Belongs to SYNDICATE_019 (8 members) controlling 10 projects.', 'Contractor syndicate holds INR 55,200,000 in sanctioned public funds.', 'Entity directly holds 1 project(s) totaling INR 890,000.']"
V000175,Contractor Company 000175,BANK000019,SYNDICATE_019,8,0,0,55200000,64.4,"['Shares bank account BANK000019 with 7 other registered contractors.', 'Belongs to SYNDICATE_019 (8 members) controlling 10 projects.', 'Contractor syndicate holds INR 55,200,000 in sanctioned public funds.', 'Entity directly holds 0 project(s) totaling INR 0.']"
V000332,Contractor Company 000332,BANK000019,SYNDICATE_019,8,0,0,55200000,64.4,"['Shares bank account BANK000019 with 7 other registered contractors.', 'Belongs to SYNDICATE_019 (8 members) controlling 10 projects.', 'Contractor syndicate holds INR 55,200,000 in sanctioned public funds.', 'Entity directly holds 0 project(s) totaling INR 0.']"
V000406,Contractor Company 000406,BANK000026,SYNDICATE_026,6,3,20630000,66670000,64.38,"['Shares bank account BANK000026 with 5 other registered contractors.', 'Belongs to SYNDICATE_026 (6 members) controlling 12 projects.', 'Contractor syndicate holds INR 66,670,000 in sanctioned public funds.', 'Entity directly holds 3 project(s) totaling INR 20,630,000.']"
V000011,Contractor Company 000011,BANK000026,SYNDICATE_026,6,4,19850000,66670000,64.38,"['Shares bank account BANK000026 with 5 other registered contractors.', 'Belongs to SYNDICATE_026 (6 members) controlling 12 projects.', 'Contractor syndicate holds INR 66,670,000 in sanctioned public funds.', 'Entity directly holds 4 project(s) totaling INR 19,850,000.']"
V000545,Contractor Company 000545,BANK000026,SYNDICATE_026,6,2,13690000,66670000,64.38,"['Shares bank account BANK000026 with 5 other registered contractors.', 'Belongs to SYNDICATE_026 (6 members) controlling 12 projects.', 'Contractor syndicate holds INR 66,670,000 in sanctioned public funds.', 'Entity directly holds 2 project(s) totaling INR 13,690,000.']"
V000553,Contractor Company 000553,BANK000026,SYNDICATE_026,6,2,8040000,66670000,64.38,"['Shares bank account BANK000026 with 5 other registered contractors.', 'Belongs to SYNDICATE_026 (6 members) controlling 12 projects.', 'Contractor syndicate holds INR 66,670,000 in sanctioned public funds.', 'Entity directly holds 2 project(s) totaling INR 8,040,000.']"
V000507,Contractor Company 000507,BANK000026,SYNDICATE_026,6,1,4460000,66670000,64.38,"['Shares bank account BANK000026 with 5 other registered contractors.', 'Belongs to SYNDICATE_026 (6 members) controlling 12 projects.', 'Contractor syndicate holds INR 66,670,000 in sanctioned public funds.', 'Entity directly holds 1 project(s) totaling INR 4,460,000.']"
V000879,Contractor Company 000879,BANK000026,SYNDICATE_026,6,0,0,66670000,64.38,"['Shares bank account BANK000026 with 5 other registered contractors.', 'Belongs to SYNDICATE_026 (6 members) controlling 12 projects.', 'Contractor syndicate holds INR 66,670,000 in sanctioned public funds.', 'Entity directly holds 0 project(s) totaling INR 0.']"
V000137,Contractor Company 000137,BANK000030,SYNDICATE_030,7,3,16360000,62440000,63.03,"['Shares bank account BANK000030 with 6 other registered contractors.', 'Belongs to SYNDICATE_030 (7 members) controlling 15 projects.', 'Contractor syndicate holds INR 62,440,000 in sanctioned public funds.', 'Entity directly holds 3 project(s) totaling INR 16,360,000.']"
V000185,Contractor Company 000185,BANK000030,SYNDICATE_030,7,3,15710000,62440000,63.03,"['Shares bank account BANK000030 with 6 other registered contractors.', 'Belongs to SYNDICATE_030 (7 members) controlling 15 projects.', 'Contractor syndicate holds INR 62,440,000 in sanctioned public funds.', 'Entity directly holds 3 project(s) totaling INR 15,710,000.']"
V000823,Contractor Company 000823,BANK000030,SYNDICATE_030,7,4,15370000,62440000,63.03,"['Shares bank account BANK000030 with 6 other registered contractors.', 'Belongs to SYNDICATE_030 (7 members) controlling 15 projects.', 'Contractor syndicate holds INR 62,440,000 in sanctioned public funds.', 'Entity directly holds 4 project(s) totaling INR 15,370,000.']"
V000253,Contractor Company 000253,BANK000030,SYNDICATE_030,7,3,9970000,62440000,63.03,"['Shares bank account BANK000030 with 6 other registered contractors.', 'Belongs to SYNDICATE_030 (7 members) controlling 15 projects.', 'Contractor syndicate holds INR 62,440,000 in sanctioned public funds.', 'Entity directly holds 3 project(s) totaling INR 9,970,000.']"
V000068,Contractor Company 000068,BANK000030,SYNDICATE_030,7,2,5030000,62440000,63.03,"['Shares bank account BANK000030 with 6 other registered contractors.', 'Belongs to SYNDICATE_030 (7 members) controlling 15 projects.', 'Contractor syndicate holds INR 62,440,000 in sanctioned public funds.', 'Entity directly holds 2 project(s) totaling INR 5,030,000.']"
V000143,Contractor Company 000143,BANK000030,SYNDICATE_030,7,0,0,62440000,63.03,"['Shares bank account BANK000030 with 6 other registered contractors.', 'Belongs to SYNDICATE_030 (7 members) controlling 15 projects.', 'Contractor syndicate holds INR 62,440,000 in sanctioned public funds.', 'Entity directly holds 0 project(s) totaling INR 0.']"
V000788,Contractor Company 000788,BANK000030,SYNDICATE_030,7,0,0,62440000,63.03,"['Shares bank account BANK000030 with 6 other registered contractors.', 'Belongs to SYNDICATE_030 (7 members) controlling 15 projects.', 'Contractor syndicate holds INR 62,440,000 in sanctioned public funds.', 'Entity directly holds 0 project(s) totaling INR 0.']"
V000343,Contractor Company 000343,BANK000086,SYNDICATE_086,7,3,22590000,58410000,62.53,"['Shares bank account BANK000086 with 6 other registered contractors.', 'Belongs to SYNDICATE_086 (7 members) controlling 11 projects.', 'Contractor syndicate holds INR 58,410,000 in sanctioned public funds.', 'Entity directly holds 3 project(s) totaling INR 22,590,000.']"
V000031,Contractor Company 000031,BANK000086,SYNDICATE_086,7,3,17280000,58410000,62.53,"['Shares bank account BANK000086 with 6 other registered contractors.', 'Belongs to SYNDICATE_086 (7 members) controlling 11 projects.', 'Contractor syndicate holds INR 58,410,000 in sanctioned public funds.', 'Entity directly holds 3 project(s) totaling INR 17,280,000.']"
V000081,Contractor Company 000081,BANK000086,SYNDICATE_086,7,2,9440000,58410000,62.53,"['Shares bank account BANK000086 with 6 other registered contractors.', 'Belongs to SYNDICATE_086 (7 members) controlling 11 projects.', 'Contractor syndicate holds INR 58,410,000 in sanctioned public funds.', 'Entity directly holds 2 project(s) totaling INR 9,440,000.']"
V000350,Contractor Company 000350,BANK000086,SYNDICATE_086,7,1,6460000,58410000,62.53,"['Shares bank account BANK000086 with 6 other registered contractors.', 'Belongs to SYNDICATE_086 (7 members) controlling 11 projects.', 'Contractor syndicate holds INR 58,410,000 in sanctioned public funds.', 'Entity directly holds 1 project(s) totaling INR 6,460,000.']"
V000528,Contractor Company 000528,BANK000086,SYNDICATE_086,7,2,2640000,58410000,62.53,"['Shares bank account BANK000086 with 6 other registered contractors.', 'Belongs to SYNDICATE_086 (7 members) controlling 11 projects.', 'Contractor syndicate holds INR 58,410,000 in sanctioned public funds.', 'Entity directly holds 2 project(s) totaling INR 2,640,000.']"
V000034,Contractor Company 000034,BANK000086,SYNDICATE_086,7,0,0,58410000,62.53,"['Shares bank account BANK000086 with 6 other registered contractors.', 'Belongs to SYNDICATE_086 (7 members) controlling 11 projects.', 'Contractor syndicate holds INR 58,410,000 in sanctioned public funds.', 'Entity directly holds 0 project(s) totaling INR 0.']"
V000796,Contractor Company 000796,BANK000086,SYNDICATE_086,7,0,0,58410000,62.53,"['Shares bank account BANK000086 with 6 other registered contractors.', 'Belongs to SYNDICATE_086 (7 members) controlling 11 projects.', 'Contractor syndicate holds INR 58,410,000 in sanctioned public funds.', 'Entity directly holds 0 project(s) totaling INR 0.']"
V000938,Contractor Company 000938,BANK000063,SYNDICATE_063,8,2,11420000,38780000,62.35,"['Shares bank account BANK000063 with 7 other registered contractors.', 'Belongs to SYNDICATE_063 (8 members) controlling 9 projects.', 'Contractor syndicate holds INR 38,780,000 in sanctioned public funds.', 'Entity directly holds 2 project(s) totaling INR 11,420,000.']"
V000127,Contractor Company 000127,BANK000063,SYNDICATE_063,8,2,9820000,38780000,62.35,"['Shares bank account BANK000063 with 7 other registered contractors.', 'Belongs to SYNDICATE_063 (8 members) controlling 9 projects.', 'Contractor syndicate holds INR 38,780,000 in sanctioned public funds.', 'Entity directly holds 2 project(s) totaling INR 9,820,000.']"
V000153,Contractor Company 000153,BANK000063,SYNDICATE_063,8,1,6020000,38780000,62.35,"['Shares bank account BANK000063 with 7 other registered contractors.', 'Belongs to SYNDICATE_063 (8 members) controlling 9 projects.', 'Contractor syndicate holds INR 38,780,000 in sanctioned public funds.', 'Entity directly holds 1 project(s) totaling INR 6,020,000.']"
V000793,Contractor Company 000793,BANK000063,SYNDICATE_063,8,1,5790000,38780000,62.35,"['Shares bank account BANK000063 with 7 other registered contractors.', 'Belongs to SYNDICATE_063 (8 members) controlling 9 projects.', 'Contractor syndicate holds INR 38,780,000 in sanctioned public funds.', 'Entity directly holds 1 project(s) totaling INR 5,790,000.']"
V000839,Contractor Company 000839,BANK000063,SYNDICATE_063,8,2,3430000,38780000,62.35,"['Shares bank account BANK000063 with 7 other registered contractors.', 'Belongs to SYNDICATE_063 (8 members) controlling 9 projects.', 'Contractor syndicate holds INR 38,780,000 in sanctioned public funds.', 'Entity directly holds 2 project(s) totaling INR 3,430,000.']"
V000987,Contractor Company 000987,BANK000063,SYNDICATE_063,8,1,2300000,38780000,62.35,"['Shares bank account BANK000063 with 7 other registered contractors.', 'Belongs to SYNDICATE_063 (8 members) controlling 9 projects.', 'Contractor syndicate holds INR 38,780,000 in sanctioned public funds.', 'Entity directly holds 1 project(s) totaling INR 2,300,000.']"
V000299,Contractor Company 000299,BANK000063,SYNDICATE_063,8,0,0,38780000,62.35,"['Shares bank account BANK000063 with 7 other registered contractors.', 'Belongs to SYNDICATE_063 (8 members) controlling 9 projects.', 'Contractor syndicate holds INR 38,780,000 in sanctioned public funds.', 'Entity directly holds 0 project(s) totaling INR 0.']"
V000379,Contractor Company 000379,BANK000063,SYNDICATE_063,8,0,0,38780000,62.35,"['Shares bank account BANK000063 with 7 other registered contractors.', 'Belongs to SYNDICATE_063 (8 members) controlling 9 projects.', 'Contractor syndicate holds INR 38,780,000 in sanctioned public funds.', 'Entity directly holds 0 project(s) totaling INR 0.']"
V000665,Contractor Company 000665,BANK000092,SYNDICATE_092,6,7,30250000,63280000,60.62,"['Shares bank account BANK000092 with 5 other registered contractors.', 'Belongs to SYNDICATE_092 (6 members) controlling 15 projects.', 'Contractor syndicate holds INR 63,280,000 in sanctioned public funds.', 'Entity directly holds 7 project(s) totaling INR 30,250,000.']"
V000547,Contractor Company 000547,BANK000092,SYNDICATE_092,6,3,12660000,63280000,60.62,"['Shares bank account BANK000092 with 5 other registered contractors.', 'Belongs to SYNDICATE_092 (6 members) controlling 15 projects.', 'Contractor syndicate holds INR 63,280,000 in sanctioned public funds.', 'Entity directly holds 3 project(s) totaling INR 12,660,000.']"
V000656,Contractor Company 000656,BANK000092,SYNDICATE_092,6,4,12380000,63280000,60.62,"['Shares bank account BANK000092 with 5 other registered contractors.', 'Belongs to SYNDICATE_092 (6 members) controlling 15 projects.', 'Contractor syndicate holds INR 63,280,000 in sanctioned public funds.', 'Entity directly holds 4 project(s) totaling INR 12,380,000.']"
V000212,Contractor Company 000212,BANK000092,SYNDICATE_092,6,1,7990000,63280000,60.62,"['Shares bank account BANK000092 with 5 other registered contractors.', 'Belongs to SYNDICATE_092 (6 members) controlling 15 projects.', 'Contractor syndicate holds INR 63,280,000 in sanctioned public funds.', 'Entity directly holds 1 project(s) totaling INR 7,990,000.']"
V000330,Contractor Company 000330,BANK000092,SYNDICATE_092,6,0,0,63280000,60.62,"['Shares bank account BANK000092 with 5 other registered contractors.', 'Belongs to SYNDICATE_092 (6 members) controlling 15 projects.', 'Contractor syndicate holds INR 63,280,000 in sanctioned public funds.', 'Entity directly holds 0 project(s) totaling INR 0.']"
V000845,Contractor Company 000845,BANK000092,SYNDICATE_092,6,0,0,63280000,60.62,"['Shares bank account BANK000092 with 5 other registered contractors.', 'Belongs to SYNDICATE_092 (6 members) controlling 15 projects.', 'Contractor syndicate holds INR 63,280,000 in sanctioned public funds.', 'Entity directly holds 0 project(s) totaling INR 0.']"
V000898,Contractor Company 000898,BANK000075,SYNDICATE_075,8,2,17550000,43460000,60.43,"['Shares bank account BANK000075 with 7 other registered contractors.', 'Belongs to SYNDICATE_075 (8 members) controlling 8 projects.', 'Contractor syndicate holds INR 43,460,000 in sanctioned public funds.', 'Entity directly holds 2 project(s) totaling INR 17,550,000.']"
V000602,Contractor Company 000602,BANK000075,SYNDICATE_075,8,2,10570000,43460000,60.43,"['Shares bank account BANK000075 with 7 other registered contractors.', 'Belongs to SYNDICATE_075 (8 members) controlling 8 projects.', 'Contractor syndicate holds INR 43,460,000 in sanctioned public funds.', 'Entity directly holds 2 project(s) totaling INR 10,570,000.']"
V000786,Contractor Company 000786,BANK000075,SYNDICATE_075,8,2,6830000,43460000,60.43,"['Shares bank account BANK000075 with 7 other registered contractors.', 'Belongs to SYNDICATE_075 (8 members) controlling 8 projects.', 'Contractor syndicate holds INR 43,460,000 in sanctioned public funds.', 'Entity directly holds 2 project(s) totaling INR 6,830,000.']"
V000629,Contractor Company 000629,BANK000075,SYNDICATE_075,8,1,5770000,43460000,60.43,"['Shares bank account BANK000075 with 7 other registered contractors.', 'Belongs to SYNDICATE_075 (8 members) controlling 8 projects.', 'Contractor syndicate holds INR 43,460,000 in sanctioned public funds.', 'Entity directly holds 1 project(s) totaling INR 5,770,000.']"
V000500,Contractor Company 000500,BANK000075,SYNDICATE_075,8,1,2740000,43460000,60.43,"['Shares bank account BANK000075 with 7 other registered contractors.', 'Belongs to SYNDICATE_075 (8 members) controlling 8 projects.', 'Contractor syndicate holds INR 43,460,000 in sanctioned public funds.', 'Entity directly holds 1 project(s) totaling INR 2,740,000.']"
V000221,Contractor Company 000221,BANK000075,SYNDICATE_075,8,0,0,43460000,60.43,"['Shares bank account BANK000075 with 7 other registered contractors.', 'Belongs to SYNDICATE_075 (8 members) controlling 8 projects.', 'Contractor syndicate holds INR 43,460,000 in sanctioned public funds.', 'Entity directly holds 0 project(s) totaling INR 0.']"
V000574,Contractor Company 000574,BANK000075,SYNDICATE_075,8,0,0,43460000,60.43,"['Shares bank account BANK000075 with 7 other registered contractors.', 'Belongs to SYNDICATE_075 (8 members) controlling 8 projects.', 'Contractor syndicate holds INR 43,460,000 in sanctioned public funds.', 'Entity directly holds 0 project(s) totaling INR 0.']"
V000980,Contractor Company 000980,BANK000075,SYNDICATE_075,8,0,0,43460000,60.43,"['Shares bank account BANK000075 with 7 other registered contractors.', 'Belongs to SYNDICATE_075 (8 members) controlling 8 projects.', 'Contractor syndicate holds INR 43,460,000 in sanctioned public funds.', 'Entity directly holds 0 project(s) totaling INR 0.']"
V000390,Contractor Company 000390,BANK000003,SYNDICATE_003,4,3,21780000,47430000,57.18,"['Shares bank account BANK000003 with 3 other registered contractors.', 'Belongs to SYNDICATE_003 (4 members) controlling 8 projects.', 'Contractor syndicate holds INR 47,430,000 in sanctioned public funds.', 'Entity directly holds 3 project(s) totaling INR 21,780,000.']"
V000637,Contractor Company 000637,BANK000003,SYNDICATE_003,4,3,21250000,47430000,57.18,"['Shares bank account BANK000003 with 3 other registered contractors.', 'Belongs to SYNDICATE_003 (4 members) controlling 8 projects.', 'Contractor syndicate holds INR 47,430,000 in sanctioned public funds.', 'Entity directly holds 3 project(s) totaling INR 21,250,000.']"
V000394,Contractor Company 000394,BANK000003,SYNDICATE_003,4,2,4400000,47430000,57.18,"['Shares bank account BANK000003 with 3 other registered contractors.', 'Belongs to SYNDICATE_003 (4 members) controlling 8 projects.', 'Contractor syndicate holds INR 47,430,000 in sanctioned public funds.', 'Entity directly holds 2 project(s) totaling INR 4,400,000.']"
V000308,Contractor Company 000308,BANK000003,SYNDICATE_003,4,0,0,47430000,57.18,"['Shares bank account BANK000003 with 3 other registered contractors.', 'Belongs to SYNDICATE_003 (4 members) controlling 8 projects.', 'Contractor syndicate holds INR 47,430,000 in sanctioned public funds.', 'Entity directly holds 0 project(s) totaling INR 0.']"
V000489,Contractor Company 000489,BANK000055,SYNDICATE_055,3,1,6450000,15580000,56.64,"['Shares bank account BANK000055 with 2 other registered contractors.', 'Belongs to SYNDICATE_055 (3 members) controlling 4 projects.', 'Contractor syndicate holds INR 15,580,000 in sanctioned public funds.', 'Entity directly holds 1 project(s) totaling INR 6,450,000.']"
V000359,Contractor Company 000359,BANK000055,SYNDICATE_055,3,1,4870000,15580000,56.64,"['Shares bank account BANK000055 with 2 other registered contractors.', 'Belongs to SYNDICATE_055 (3 members) controlling 4 projects.', 'Contractor syndicate holds INR 15,580,000 in sanctioned public funds.', 'Entity directly holds 1 project(s) totaling INR 4,870,000.']"
V000173,Contractor Company 000173,BANK000055,SYNDICATE_055,3,2,4260000,15580000,56.64,"['Shares bank account BANK000055 with 2 other registered contractors.', 'Belongs to SYNDICATE_055 (3 members) controlling 4 projects.', 'Contractor syndicate holds INR 15,580,000 in sanctioned public funds.', 'Entity directly holds 2 project(s) totaling INR 4,260,000.']"
V000684,Contractor Company 000684,BANK000002,SYNDICATE_002,4,2,4670000,11090000,52.64,"['Shares bank account BANK000002 with 3 other registered contractors.', 'Belongs to SYNDICATE_002 (4 members) controlling 4 projects.', 'Contractor syndicate holds INR 11,090,000 in sanctioned public funds.', 'Entity directly holds 2 project(s) totaling INR 4,670,000.']"
V000677,Contractor Company 000677,BANK000002,SYNDICATE_002,4,1,3870000,11090000,52.64,"['Shares bank account BANK000002 with 3 other registered contractors.', 'Belongs to SYNDICATE_002 (4 members) controlling 4 projects.', 'Contractor syndicate holds INR 11,090,000 in sanctioned public funds.', 'Entity directly holds 1 project(s) totaling INR 3,870,000.']"
V000265,Contractor Company 000265,BANK000002,SYNDICATE_002,4,1,2550000,11090000,52.64,"['Shares bank account BANK000002 with 3 other registered contractors.', 'Belongs to SYNDICATE_002 (4 members) controlling 4 projects.', 'Contractor syndicate holds INR 11,090,000 in sanctioned public funds.', 'Entity directly holds 1 project(s) totaling INR 2,550,000.']"
V000125,Contractor Company 000125,BANK000002,SYNDICATE_002,4,0,0,11090000,52.64,"['Shares bank account BANK000002 with 3 other registered contractors.', 'Belongs to SYNDICATE_002 (4 members) controlling 4 projects.', 'Contractor syndicate holds INR 11,090,000 in sanctioned public funds.', 'Entity directly holds 0 project(s) totaling INR 0.']"
V000498,Contractor Company 000498,BANK000009,SYNDICATE_009,5,4,14120000,20210000,48.34,"['Shares bank account BANK000009 with 4 other registered contractors.', 'Belongs to SYNDICATE_009 (5 members) controlling 5 projects.', 'Contractor syndicate holds INR 20,210,000 in sanctioned public funds.', 'Entity directly holds 4 project(s) totaling INR 14,120,000.']"
V000982,Contractor Company 000982,BANK000009,SYNDICATE_009,5,1,6090000,20210000,48.34,"['Shares bank account BANK000009 with 4 other registered contractors.', 'Belongs to SYNDICATE_009 (5 members) controlling 5 projects.', 'Contractor syndicate holds INR 20,210,000 in sanctioned public funds.', 'Entity directly holds 1 project(s) totaling INR 6,090,000.']"
V000798,Contractor Company 000798,BANK000009,SYNDICATE_009,5,0,0,20210000,48.34,"['Shares bank account BANK000009 with 4 other registered contractors.', 'Belongs to SYNDICATE_009 (5 members) controlling 5 projects.', 'Contractor syndicate holds INR 20,210,000 in sanctioned public funds.', 'Entity directly holds 0 project(s) totaling INR 0.']"
V000862,Contractor Company 000862,BANK000009,SYNDICATE_009,5,0,0,20210000,48.34,"['Shares bank account BANK000009 with 4 other registered contractors.', 'Belongs to SYNDICATE_009 (5 members) controlling 5 projects.', 'Contractor syndicate holds INR 20,210,000 in sanctioned public funds.', 'Entity directly holds 0 project(s) totaling INR 0.']"
V000909,Contractor Company 000909,BANK000009,SYNDICATE_009,5,0,0,20210000,48.34,"['Shares bank account BANK000009 with 4 other registered contractors.', 'Belongs to SYNDICATE_009 (5 members) controlling 5 projects.', 'Contractor syndicate holds INR 20,210,000 in sanctioned public funds.', 'Entity directly holds 0 project(s) totaling INR 0.']"
V000486,Contractor Company 000486,BANK000064,SYNDICATE_064,6,2,8220000,11590000,47.5,"['Shares bank account BANK000064 with 5 other registered contractors.', 'Belongs to SYNDICATE_064 (6 members) controlling 4 projects.', 'Contractor syndicate holds INR 11,590,000 in sanctioned public funds.', 'Entity directly holds 2 project(s) totaling INR 8,220,000.']"
V000984,Contractor Company 000984,BANK000064,SYNDICATE_064,6,2,3370000,11590000,47.5,"['Shares bank account BANK000064 with 5 other registered contractors.', 'Belongs to SYNDICATE_064 (6 members) controlling 4 projects.', 'Contractor syndicate holds INR 11,590,000 in sanctioned public funds.', 'Entity directly holds 2 project(s) totaling INR 3,370,000.']"
V000181,Contractor Company 000181,BANK000064,SYNDICATE_064,6,0,0,11590000,47.5,"['Shares bank account BANK000064 with 5 other registered contractors.', 'Belongs to SYNDICATE_064 (6 members) controlling 4 projects.', 'Contractor syndicate holds INR 11,590,000 in sanctioned public funds.', 'Entity directly holds 0 project(s) totaling INR 0.']"
V000252,Contractor Company 000252,BANK000064,SYNDICATE_064,6,0,0,11590000,47.5,"['Shares bank account BANK000064 with 5 other registered contractors.', 'Belongs to SYNDICATE_064 (6 members) controlling 4 projects.', 'Contractor syndicate holds INR 11,590,000 in sanctioned public funds.', 'Entity directly holds 0 project(s) totaling INR 0.']"
V000554,Contractor Company 000554,BANK000064,SYNDICATE_064,6,0,0,11590000,47.5,"['Shares bank account BANK000064 with 5 other registered contractors.', 'Belongs to SYNDICATE_064 (6 members) controlling 4 projects.', 'Contractor syndicate holds INR 11,590,000 in sanctioned public funds.', 'Entity directly holds 0 project(s) totaling INR 0.']"
V000580,Contractor Company 000580,BANK000064,SYNDICATE_064,6,0,0,11590000,47.5,"['Shares bank account BANK000064 with 5 other registered contractors.', 'Belongs to SYNDICATE_064 (6 members) controlling 4 projects.', 'Contractor syndicate holds INR 11,590,000 in sanctioned public funds.', 'Entity directly holds 0 project(s) totaling INR 0.']"
